Timestamp,load_kw
2023-06-05 00:00:00+00:00,80.13
2023-06-05 00:10:00+00:00,77.55
2023-06-05 00:20:00+00:00,76.02
2023-06-05 00:30:00+00:00,85.21000000000001
2023-06-05 00:40:00+00:00,75.98
2023-06-05 00:50:00+00:00,74.45
2023-06-05 01:00:00+00:00,71.91
2023-06-05 01:10:00+00:00,66.53999999999999
2023-06-05 01:20:00+00:00,73.18
2023-06-05 01:30:00+00:00,64.84
2023-06-05 01:40:00+00:00,67.01
2023-06-05 01:50:00+00:00,70.01
2023-06-05 02:00:00+00:00,69.52
2023-06-05 02:10:00+00:00,70.00999999999999
2023-06-05 02:20:00+00:00,64.42999999999999
2023-06-05 02:30:00+00:00,71.92
2023-06-05 02:40:00+00:00,72.28
2023-06-05 02:50:00+00:00,68.83
2023-06-05 03:00:00+00:00,65.34
2023-06-05 03:10:00+00:00,65.25
2023-06-05 03:20:00+00:00,63.12
2023-06-05 03:30:00+00:00,63.76
2023-06-05 03:40:00+00:00,62.92
2023-06-05 03:50:00+00:00,63.7
2023-06-05 04:00:00+00:00,60.32
2023-06-05 04:10:00+00:00,65.49
2023-06-05 04:20:00+00:00,62.28
2023-06-05 04:30:00+00:00,67.77
2023-06-05 04:40:00+00:00,66.03999999999999
2023-06-05 04:50:00+00:00,71.78999999999999
2023-06-05 05:00:00+00:00,83.96000000000001
2023-06-05 05:10:00+00:00,78.05
2023-06-05 05:20:00+00:00,72.78
2023-06-05 05:30:00+00:00,75.99
2023-06-05 05:40:00+00:00,91.89
2023-06-05 05:50:00+00:00,92.27000000000001
2023-06-05 06:00:00+00:00,130.07
2023-06-05 06:10:00+00:00,126.74000000000001
2023-06-05 06:20:00+00:00,135.51
2023-06-05 06:30:00+00:00,144.61
2023-06-05 06:40:00+00:00,123.53
2023-06-05 06:50:00+00:00,118.10000000000001
2023-06-05 07:00:00+00:00,97.83
2023-06-05 07:10:00+00:00,125.87
2023-06-05 07:20:00+00:00,100.37
2023-06-05 07:30:00+00:00,102.50999999999999
2023-06-05 07:40:00+00:00,102.42
2023-06-05 07:50:00+00:00,106.49000000000001
2023-06-05 08:00:00+00:00,116.13
2023-06-05 08:10:00+00:00,99.82
2023-06-05 08:20:00+00:00,111.6
2023-06-05 08:30:00+00:00,108.0
2023-06-05 08:40:00+00:00,100.32
2023-06-05 08:50:00+00:00,110.87
2023-06-05 09:00:00+00:00,112.42
2023-06-05 09:10:00+00:00,114.47
2023-06-05 09:20:00+00:00,99.59
2023-06-05 09:30:00+00:00,101.65
2023-06-05 09:40:00+00:00,105.02
2023-06-05 09:50:00+00:00,120.0
2023-06-05 10:00:00+00:00,112.61000000000001
2023-06-05 10:10:00+00:00,118.41
2023-06-05 10:20:00+00:00,109.59
2023-06-05 10:30:00+00:00,100.51
2023-06-05 10:40:00+00:00,99.47999999999999
2023-06-05 10:50:00+00:00,110.74
2023-06-05 11:00:00+00:00,135.43
2023-06-05 11:10:00+00:00,148.58
2023-06-05 11:20:00+00:00,133.59
2023-06-05 11:30:00+00:00,124.7
2023-06-05 11:40:00+00:00,123.24000000000001
2023-06-05 11:50:00+00:00,122.56
2023-06-05 12:00:00+00:00,115.16
2023-06-05 12:10:00+00:00,112.68
2023-06-05 12:20:00+00:00,119.54
2023-06-05 12:30:00+00:00,146.73
2023-06-05 12:40:00+00:00,153.61
2023-06-05 12:50:00+00:00,133.42000000000002
2023-06-05 13:00:00+00:00,139.61
2023-06-05 13:10:00+00:00,150.91
2023-06-05 13:20:00+00:00,142.36
2023-06-05 13:30:00+00:00,135.51
2023-06-05 13:40:00+00:00,124.78
2023-06-05 13:50:00+00:00,100.26
2023-06-05 14:00:00+00:00,104.4
2023-06-05 14:10:00+00:00,112.72
2023-06-05 14:20:00+00:00,117.4
2023-06-05 14:30:00+00:00,118.3
2023-06-05 14:40:00+00:00,114.91
2023-06-05 14:50:00+00:00,116.24
2023-06-05 15:00:00+00:00,138.33
2023-06-05 15:10:00+00:00,134.84
2023-06-05 15:20:00+00:00,134.10999999999999
2023-06-05 15:30:00+00:00,127.84
2023-06-05 15:40:00+00:00,131.4
2023-06-05 15:50:00+00:00,133.43
2023-06-05 16:00:00+00:00,156.87
2023-06-05 16:10:00+00:00,176.23000000000002
2023-06-05 16:20:00+00:00,157.45
2023-06-05 16:30:00+00:00,163.51999999999998
2023-06-05 16:40:00+00:00,168.31
2023-06-05 16:50:00+00:00,152.25
2023-06-05 17:00:00+00:00,152.18
2023-06-05 17:10:00+00:00,186.11
2023-06-05 17:20:00+00:00,167.44
2023-06-05 17:30:00+00:00,183.17000000000002
2023-06-05 17:40:00+00:00,181.05
2023-06-05 17:50:00+00:00,171.75
2023-06-05 18:00:00+00:00,175.21
2023-06-05 18:10:00+00:00,176.3
2023-06-05 18:20:00+00:00,176.32999999999998
2023-06-05 18:30:00+00:00,186.25
2023-06-05 18:40:00+00:00,170.46
2023-06-05 18:50:00+00:00,151.0
2023-06-05 19:00:00+00:00,150.29000000000002
2023-06-05 19:10:00+00:00,143.32999999999998
2023-06-05 19:20:00+00:00,144.65
2023-06-05 19:30:00+00:00,157.56
2023-06-05 19:40:00+00:00,160.79
2023-06-05 19:50:00+00:00,144.57999999999998
2023-06-05 20:00:00+00:00,148.73
2023-06-05 20:10:00+00:00,163.95
2023-06-05 20:20:00+00:00,157.31
2023-06-05 20:30:00+00:00,149.46
2023-06-05 20:40:00+00:00,156.48000000000002
2023-06-05 20:50:00+00:00,175.35
2023-06-05 21:00:00+00:00,169.07999999999998
2023-06-05 21:10:00+00:00,155.84
2023-06-05 21:20:00+00:00,146.06
2023-06-05 21:30:00+00:00,137.31
2023-06-05 21:40:00+00:00,141.97
2023-06-05 21:50:00+00:00,151.93
2023-06-05 22:00:00+00:00,144.65
2023-06-05 22:10:00+00:00,120.58
2023-06-05 22:20:00+00:00,119.44999999999999
2023-06-05 22:30:00+00:00,131.04000000000002
2023-06-05 22:40:00+00:00,120.55000000000001
2023-06-05 22:50:00+00:00,113.16999999999999
2023-06-05 23:00:00+00:00,103.65
2023-06-05 23:10:00+00:00,100.03
2023-06-05 23:20:00+00:00,97.25999999999999
2023-06-05 23:30:00+00:00,94.78999999999999
2023-06-05 23:40:00+00:00,90.1
2023-06-05 23:50:00+00:00,91.85
2023-06-06 00:00:00+00:00,95.61
2023-06-06 00:10:00+00:00,91.83
2023-06-06 00:20:00+00:00,86.95
2023-06-06 00:30:00+00:00,87.59
2023-06-06 00:40:00+00:00,79.2
2023-06-06 00:50:00+00:00,80.6
2023-06-06 01:00:00+00:00,79.0
2023-06-06 01:10:00+00:00,80.6
2023-06-06 01:20:00+00:00,81.35
2023-06-06 01:30:00+00:00,78.42
2023-06-06 01:40:00+00:00,75.35
2023-06-06 01:50:00+00:00,78.63
2023-06-06 02:00:00+00:00,78.89
2023-06-06 02:10:00+00:00,77.64
2023-06-06 02:20:00+00:00,86.03
2023-06-06 02:30:00+00:00,88.6
2023-06-06 02:40:00+00:00,71.21000000000001
2023-06-06 02:50:00+00:00,75.54
2023-06-06 03:00:00+00:00,73.04
2023-06-06 03:10:00+00:00,70.97999999999999
2023-06-06 03:20:00+00:00,64.6
2023-06-06 03:30:00+00:00,65.3
2023-06-06 03:40:00+00:00,63.14
2023-06-06 03:50:00+00:00,61.26
2023-06-06 04:00:00+00:00,73.2
2023-06-06 04:10:00+00:00,68.86
2023-06-06 04:20:00+00:00,68.55
2023-06-06 04:30:00+00:00,66.39
2023-06-06 04:40:00+00:00,72.96000000000001
2023-06-06 04:50:00+00:00,73.19
2023-06-06 05:00:00+00:00,81.63
2023-06-06 05:10:00+00:00,82.68
2023-06-06 05:20:00+00:00,82.2
2023-06-06 05:30:00+00:00,81.21000000000001
2023-06-06 05:40:00+00:00,89.73
2023-06-06 05:50:00+00:00,102.62
2023-06-06 06:00:00+00:00,99.74000000000001
2023-06-06 06:10:00+00:00,107.52
2023-06-06 06:20:00+00:00,113.59
2023-06-06 06:30:00+00:00,105.88
2023-06-06 06:40:00+00:00,124.24
2023-06-06 06:50:00+00:00,136.8
2023-06-06 07:00:00+00:00,112.41
2023-06-06 07:10:00+00:00,110.78
2023-06-06 07:20:00+00:00,119.92
2023-06-06 07:30:00+00:00,116.46000000000001
2023-06-06 07:40:00+00:00,129.81
2023-06-06 07:50:00+00:00,123.03
2023-06-06 08:00:00+00:00,109.65
2023-06-06 08:10:00+00:00,116.74
2023-06-06 08:20:00+00:00,129.22
2023-06-06 08:30:00+00:00,133.12
2023-06-06 08:40:00+00:00,126.78
2023-06-06 08:50:00+00:00,135.19
2023-06-06 09:00:00+00:00,123.69999999999999
2023-06-06 09:10:00+00:00,121.77000000000001
2023-06-06 09:20:00+00:00,129.01
2023-06-06 09:30:00+00:00,122.83000000000001
2023-06-06 09:40:00+00:00,125.61
2023-06-06 09:50:00+00:00,126.47
2023-06-06 10:00:00+00:00,124.0
2023-06-06 10:10:00+00:00,138.66
2023-06-06 10:20:00+00:00,117.79
2023-06-06 10:30:00+00:00,113.03999999999999
2023-06-06 10:40:00+00:00,122.57000000000001
2023-06-06 10:50:00+00:00,133.24
2023-06-06 11:00:00+00:00,110.63
2023-06-06 11:10:00+00:00,105.09
2023-06-06 11:20:00+00:00,127.99000000000001
2023-06-06 11:30:00+00:00,120.94
2023-06-06 11:40:00+00:00,136.77
2023-06-06 11:50:00+00:00,117.56
2023-06-06 12:00:00+00:00,113.82
2023-06-06 12:10:00+00:00,116.49
2023-06-06 12:20:00+00:00,118.31
2023-06-06 12:30:00+00:00,135.31
2023-06-06 12:40:00+00:00,149.85
2023-06-06 12:50:00+00:00,121.44
2023-06-06 13:00:00+00:00,107.84
2023-06-06 13:10:00+00:00,108.69
2023-06-06 13:20:00+00:00,108.75999999999999
2023-06-06 13:30:00+00:00,117.62
2023-06-06 13:40:00+00:00,126.98
2023-06-06 13:50:00+00:00,132.82999999999998
2023-06-06 14:00:00+00:00,121.61
2023-06-06 14:10:00+00:00,122.22999999999999
2023-06-06 14:20:00+00:00,118.00999999999999
2023-06-06 14:30:00+00:00,112.34
2023-06-06 14:40:00+00:00,122.16
2023-06-06 14:50:00+00:00,117.56
2023-06-06 15:00:00+00:00,119.27000000000001
2023-06-06 15:10:00+00:00,110.5
2023-06-06 15:20:00+00:00,118.25
2023-06-06 15:30:00+00:00,108.78999999999999
2023-06-06 15:40:00+00:00,107.45
2023-06-06 15:50:00+00:00,111.24
2023-06-06 16:00:00+00:00,117.03
2023-06-06 16:10:00+00:00,132.91
2023-06-06 16:20:00+00:00,139.76
2023-06-06 16:30:00+00:00,143.48
2023-06-06 16:40:00+00:00,149.87
2023-06-06 16:50:00+00:00,141.28
2023-06-06 17:00:00+00:00,150.89
2023-06-06 17:10:00+00:00,168.91
2023-06-06 17:20:00+00:00,167.59
2023-06-06 17:30:00+00:00,170.24
2023-06-06 17:40:00+00:00,158.2
2023-06-06 17:50:00+00:00,165.21
2023-06-06 18:00:00+00:00,149.53
2023-06-06 18:10:00+00:00,154.72
2023-06-06 18:20:00+00:00,145.9
2023-06-06 18:30:00+00:00,144.22
2023-06-06 18:40:00+00:00,147.47
2023-06-06 18:50:00+00:00,154.76
2023-06-06 19:00:00+00:00,164.73000000000002
2023-06-06 19:10:00+00:00,147.75
2023-06-06 19:20:00+00:00,140.17000000000002
2023-06-06 19:30:00+00:00,139.76
2023-06-06 19:40:00+00:00,143.06
2023-06-06 19:50:00+00:00,141.69
2023-06-06 20:00:00+00:00,137.68
2023-06-06 20:10:00+00:00,143.49
2023-06-06 20:20:00+00:00,132.88
2023-06-06 20:30:00+00:00,131.67
2023-06-06 20:40:00+00:00,140.46
2023-06-06 20:50:00+00:00,137.32
2023-06-06 21:00:00+00:00,139.07
2023-06-06 21:10:00+00:00,125.42
2023-06-06 21:20:00+00:00,137.43
2023-06-06 21:30:00+00:00,135.01999999999998
2023-06-06 21:40:00+00:00,127.19
2023-06-06 21:50:00+00:00,136.32
2023-06-06 22:00:00+00:00,118.59
2023-06-06 22:10:00+00:00,110.02
2023-06-06 22:20:00+00:00,111.24
2023-06-06 22:30:00+00:00,99.61
2023-06-06 22:40:00+00:00,110.03
2023-06-06 22:50:00+00:00,105.13
2023-06-06 23:00:00+00:00,96.06
2023-06-06 23:10:00+00:00,94.0
2023-06-06 23:20:00+00:00,99.65
2023-06-06 23:30:00+00:00,85.09
2023-06-06 23:40:00+00:00,81.44
2023-06-06 23:50:00+00:00,87.73
2023-06-07 00:00:00+00:00,85.76
2023-06-07 00:10:00+00:00,79.83
2023-06-07 00:20:00+00:00,74.33
2023-06-07 00:30:00+00:00,73.59
2023-06-07 00:40:00+00:00,72.32
2023-06-07 00:50:00+00:00,70.68
2023-06-07 01:00:00+00:00,71.0
2023-06-07 01:10:00+00:00,73.44
2023-06-07 01:20:00+00:00,74.58
2023-06-07 01:30:00+00:00,71.61
2023-06-07 01:40:00+00:00,63.42
2023-06-07 01:50:00+00:00,69.67
2023-06-07 02:00:00+00:00,76.46
2023-06-07 02:10:00+00:00,71.35
2023-06-07 02:20:00+00:00,64.3
2023-06-07 02:30:00+00:00,69.85
2023-06-07 02:40:00+00:00,76.85
2023-06-07 02:50:00+00:00,77.50999999999999
2023-06-07 03:00:00+00:00,72.27000000000001
2023-06-07 03:10:00+00:00,67.59
2023-06-07 03:20:00+00:00,70.58
2023-06-07 03:30:00+00:00,76.33
2023-06-07 03:40:00+00:00,67.41
2023-06-07 03:50:00+00:00,66.12
2023-06-07 04:00:00+00:00,66.49
2023-06-07 04:10:00+00:00,66.17
2023-06-07 04:20:00+00:00,66.83
2023-06-07 04:30:00+00:00,59.83
2023-06-07 04:40:00+00:00,61.07
2023-06-07 04:50:00+00:00,66.99000000000001
2023-06-07 05:00:00+00:00,83.97
2023-06-07 05:10:00+00:00,82.99
2023-06-07 05:20:00+00:00,76.88
2023-06-07 05:30:00+00:00,83.88
2023-06-07 05:40:00+00:00,84.00999999999999
2023-06-07 05:50:00+00:00,91.45
2023-06-07 06:00:00+00:00,103.24000000000001
2023-06-07 06:10:00+00:00,119.87
2023-06-07 06:20:00+00:00,99.74000000000001
2023-06-07 06:30:00+00:00,125.3
2023-06-07 06:40:00+00:00,118.93
2023-06-07 06:50:00+00:00,123.06
2023-06-07 07:00:00+00:00,133.22
2023-06-07 07:10:00+00:00,119.44999999999999
2023-06-07 07:20:00+00:00,121.75
2023-06-07 07:30:00+00:00,117.42
2023-06-07 07:40:00+00:00,104.06
2023-06-07 07:50:00+00:00,127.75
2023-06-07 08:00:00+00:00,118.91999999999999
2023-06-07 08:10:00+00:00,131.73
2023-06-07 08:20:00+00:00,136.44
2023-06-07 08:30:00+00:00,115.58000000000001
2023-06-07 08:40:00+00:00,121.27
2023-06-07 08:50:00+00:00,120.83999999999999
2023-06-07 09:00:00+00:00,125.00999999999999
2023-06-07 09:10:00+00:00,112.35
2023-06-07 09:20:00+00:00,113.47999999999999
2023-06-07 09:30:00+00:00,101.24
2023-06-07 09:40:00+00:00,113.69
2023-06-07 09:50:00+00:00,114.33
2023-06-07 10:00:00+00:00,112.72
2023-06-07 10:10:00+00:00,100.83
2023-06-07 10:20:00+00:00,101.26
2023-06-07 10:30:00+00:00,84.1
2023-06-07 10:40:00+00:00,107.87
2023-06-07 10:50:00+00:00,120.03
2023-06-07 11:00:00+00:00,120.24
2023-06-07 11:10:00+00:00,120.48
2023-06-07 11:20:00+00:00,113.47
2023-06-07 11:30:00+00:00,123.5
2023-06-07 11:40:00+00:00,146.64
2023-06-07 11:50:00+00:00,132.25
2023-06-07 12:00:00+00:00,129.65
2023-06-07 12:10:00+00:00,127.92
2023-06-07 12:20:00+00:00,131.56
2023-06-07 12:30:00+00:00,135.68
2023-06-07 12:40:00+00:00,122.42999999999999
2023-06-07 12:50:00+00:00,113.39999999999999
2023-06-07 13:00:00+00:00,123.52
2023-06-07 13:10:00+00:00,143.21
2023-06-07 13:20:00+00:00,121.92
2023-06-07 13:30:00+00:00,117.07
2023-06-07 13:40:00+00:00,110.43
2023-06-07 13:50:00+00:00,109.61
2023-06-07 14:00:00+00:00,128.17000000000002
2023-06-07 14:10:00+00:00,100.45
2023-06-07 14:20:00+00:00,95.49
2023-06-07 14:30:00+00:00,102.77
2023-06-07 14:40:00+00:00,120.36
2023-06-07 14:50:00+00:00,142.93
2023-06-07 15:00:00+00:00,144.75
2023-06-07 15:10:00+00:00,140.09
2023-06-07 15:20:00+00:00,141.32999999999998
2023-06-07 15:30:00+00:00,147.51
2023-06-07 15:40:00+00:00,162.57999999999998
2023-06-07 15:50:00+00:00,148.06
2023-06-07 16:00:00+00:00,146.22
2023-06-07 16:10:00+00:00,185.8
2023-06-07 16:20:00+00:00,157.43
2023-06-07 16:30:00+00:00,138.63
2023-06-07 16:40:00+00:00,129.38
2023-06-07 16:50:00+00:00,135.67
2023-06-07 17:00:00+00:00,153.91
2023-06-07 17:10:00+00:00,147.60999999999999
2023-06-07 17:20:00+00:00,147.75
2023-06-07 17:30:00+00:00,153.73000000000002
2023-06-07 17:40:00+00:00,140.83
2023-06-07 17:50:00+00:00,153.89999999999998
2023-06-07 18:00:00+00:00,142.46
2023-06-07 18:10:00+00:00,135.21
2023-06-07 18:20:00+00:00,153.54000000000002
2023-06-07 18:30:00+00:00,146.79
2023-06-07 18:40:00+00:00,134.93
2023-06-07 18:50:00+00:00,156.8
2023-06-07 19:00:00+00:00,159.07999999999998
2023-06-07 19:10:00+00:00,149.23
2023-06-07 19:20:00+00:00,144.01
2023-06-07 19:30:00+00:00,162.14
2023-06-07 19:40:00+00:00,151.0
2023-06-07 19:50:00+00:00,134.82
2023-06-07 20:00:00+00:00,135.66
2023-06-07 20:10:00+00:00,144.32999999999998
2023-06-07 20:20:00+00:00,149.39
2023-06-07 20:30:00+00:00,143.73
2023-06-07 20:40:00+00:00,146.54
2023-06-07 20:50:00+00:00,161.9
2023-06-07 21:00:00+00:00,153.56
2023-06-07 21:10:00+00:00,149.32999999999998
2023-06-07 21:20:00+00:00,149.29
2023-06-07 21:30:00+00:00,141.46
2023-06-07 21:40:00+00:00,135.3
2023-06-07 21:50:00+00:00,121.7
2023-06-07 22:00:00+00:00,135.71
2023-06-07 22:10:00+00:00,127.03
2023-06-07 22:20:00+00:00,114.56
2023-06-07 22:30:00+00:00,112.48
2023-06-07 22:40:00+00:00,103.61
2023-06-07 22:50:00+00:00,123.85
2023-06-07 23:00:00+00:00,106.32
2023-06-07 23:10:00+00:00,92.82
2023-06-07 23:20:00+00:00,96.86
2023-06-07 23:30:00+00:00,93.25
2023-06-07 23:40:00+00:00,91.18
2023-06-07 23:50:00+00:00,90.0
2023-06-08 00:00:00+00:00,89.9
2023-06-08 00:10:00+00:00,83.22
2023-06-08 00:20:00+00:00,83.95
2023-06-08 00:30:00+00:00,80.33
2023-06-08 00:40:00+00:00,79.53999999999999
2023-06-08 00:50:00+00:00,76.82
2023-06-08 01:00:00+00:00,71.41
2023-06-08 01:10:00+00:00,75.67
2023-06-08 01:20:00+00:00,78.12
2023-06-08 01:30:00+00:00,73.26
2023-06-08 01:40:00+00:00,66.2
2023-06-08 01:50:00+00:00,68.25
2023-06-08 02:00:00+00:00,66.84
2023-06-08 02:10:00+00:00,64.66
2023-06-08 02:20:00+00:00,66.63
2023-06-08 02:30:00+00:00,73.45
2023-06-08 02:40:00+00:00,74.38
2023-06-08 02:50:00+00:00,72.9
2023-06-08 03:00:00+00:00,65.35
2023-06-08 03:10:00+00:00,65.8
2023-06-08 03:20:00+00:00,67.85000000000001
2023-06-08 03:30:00+00:00,65.72
2023-06-08 03:40:00+00:00,64.96000000000001
2023-06-08 03:50:00+00:00,66.87
2023-06-08 04:00:00+00:00,67.75999999999999
2023-06-08 04:10:00+00:00,63.54
2023-06-08 04:20:00+00:00,70.52
2023-06-08 04:30:00+00:00,63.9
2023-06-08 04:40:00+00:00,61.94
2023-06-08 04:50:00+00:00,79.3
2023-06-08 05:00:00+00:00,77.35
2023-06-08 05:10:00+00:00,80.74000000000001
2023-06-08 05:20:00+00:00,101.01
2023-06-08 05:30:00+00:00,107.92
2023-06-08 05:40:00+00:00,95.82
2023-06-08 05:50:00+00:00,96.78
2023-06-08 06:00:00+00:00,110.25
2023-06-08 06:10:00+00:00,103.71000000000001
2023-06-08 06:20:00+00:00,113.76
2023-06-08 06:30:00+00:00,117.52
2023-06-08 06:40:00+00:00,118.33
2023-06-08 06:50:00+00:00,107.56
2023-06-08 07:00:00+00:00,111.4
2023-06-08 07:10:00+00:00,112.36
2023-06-08 07:20:00+00:00,113.07
2023-06-08 07:30:00+00:00,113.75
2023-06-08 07:40:00+00:00,109.61
2023-06-08 07:50:00+00:00,123.88
2023-06-08 08:00:00+00:00,105.75
2023-06-08 08:10:00+00:00,117.5
2023-06-08 08:20:00+00:00,113.08
2023-06-08 08:30:00+00:00,96.41
2023-06-08 08:40:00+00:00,97.3
2023-06-08 08:50:00+00:00,105.47999999999999
2023-06-08 09:00:00+00:00,121.64
2023-06-08 09:10:00+00:00,113.77
2023-06-08 09:20:00+00:00,106.82
2023-06-08 09:30:00+00:00,94.88
2023-06-08 09:40:00+00:00,102.79
2023-06-08 09:50:00+00:00,100.64
2023-06-08 10:00:00+00:00,107.04
2023-06-08 10:10:00+00:00,88.81
2023-06-08 10:20:00+00:00,89.21000000000001
2023-06-08 10:30:00+00:00,102.4
2023-06-08 10:40:00+00:00,93.14
2023-06-08 10:50:00+00:00,114.69
2023-06-08 11:00:00+00:00,124.43
2023-06-08 11:10:00+00:00,101.97
2023-06-08 11:20:00+00:00,132.89
2023-06-08 11:30:00+00:00,112.22
2023-06-08 11:40:00+00:00,103.28999999999999
2023-06-08 11:50:00+00:00,113.34
2023-06-08 12:00:00+00:00,111.0
2023-06-08 12:10:00+00:00,147.45
2023-06-08 12:20:00+00:00,128.05
2023-06-08 12:30:00+00:00,117.36
2023-06-08 12:40:00+00:00,135.48000000000002
2023-06-08 12:50:00+00:00,125.71
2023-06-08 13:00:00+00:00,109.14
2023-06-08 13:10:00+00:00,111.11
2023-06-08 13:20:00+00:00,108.8
2023-06-08 13:30:00+00:00,130.28
2023-06-08 13:40:00+00:00,111.07
2023-06-08 13:50:00+00:00,101.52
2023-06-08 14:00:00+00:00,116.81
2023-06-08 14:10:00+00:00,106.0
2023-06-08 14:20:00+00:00,128.57
2023-06-08 14:30:00+00:00,113.4
2023-06-08 14:40:00+00:00,111.38
2023-06-08 14:50:00+00:00,121.12
2023-06-08 15:00:00+00:00,134.56
2023-06-08 15:10:00+00:00,117.0
2023-06-08 15:20:00+00:00,124.72
2023-06-08 15:30:00+00:00,125.38
2023-06-08 15:40:00+00:00,152.82999999999998
2023-06-08 15:50:00+00:00,130.73
2023-06-08 16:00:00+00:00,145.73
2023-06-08 16:10:00+00:00,143.14999999999998
2023-06-08 16:20:00+00:00,142.9
2023-06-08 16:30:00+00:00,138.18
2023-06-08 16:40:00+00:00,166.28
2023-06-08 16:50:00+00:00,159.89
2023-06-08 17:00:00+00:00,163.56
2023-06-08 17:10:00+00:00,147.0
2023-06-08 17:20:00+00:00,148.26
2023-06-08 17:30:00+00:00,163.57999999999998
2023-06-08 17:40:00+00:00,177.8
2023-06-08 17:50:00+00:00,145.07
2023-06-08 18:00:00+00:00,147.49
2023-06-08 18:10:00+00:00,141.42000000000002
2023-06-08 18:20:00+00:00,152.28
2023-06-08 18:30:00+00:00,149.48000000000002
2023-06-08 18:40:00+00:00,159.49
2023-06-08 18:50:00+00:00,158.9
2023-06-08 19:00:00+00:00,157.68
2023-06-08 19:10:00+00:00,172.61
2023-06-08 19:20:00+00:00,178.60999999999999
2023-06-08 19:30:00+00:00,164.26
2023-06-08 19:40:00+00:00,176.41
2023-06-08 19:50:00+00:00,189.32
2023-06-08 20:00:00+00:00,173.37
2023-06-08 20:10:00+00:00,153.89
2023-06-08 20:20:00+00:00,157.52
2023-06-08 20:30:00+00:00,174.88
2023-06-08 20:40:00+00:00,152.65
2023-06-08 20:50:00+00:00,143.76
2023-06-08 21:00:00+00:00,166.63
2023-06-08 21:10:00+00:00,151.47
2023-06-08 21:20:00+00:00,156.93
2023-06-08 21:30:00+00:00,148.64
2023-06-08 21:40:00+00:00,138.81
2023-06-08 21:50:00+00:00,139.91
2023-06-08 22:00:00+00:00,126.11
2023-06-08 22:10:00+00:00,127.05000000000001
2023-06-08 22:20:00+00:00,132.88
2023-06-08 22:30:00+00:00,129.53
2023-06-08 22:40:00+00:00,113.21000000000001
2023-06-08 22:50:00+00:00,101.4
2023-06-08 23:00:00+00:00,99.37
2023-06-08 23:10:00+00:00,105.78
2023-06-08 23:20:00+00:00,111.79
2023-06-08 23:30:00+00:00,95.01
2023-06-08 23:40:00+00:00,86.02
2023-06-08 23:50:00+00:00,83.45
2023-06-09 00:00:00+00:00,81.41
2023-06-09 00:10:00+00:00,75.44
2023-06-09 00:20:00+00:00,74.59
2023-06-09 00:30:00+00:00,76.14
2023-06-09 00:40:00+00:00,74.97
2023-06-09 00:50:00+00:00,73.16
2023-06-09 01:00:00+00:00,78.19
2023-06-09 01:10:00+00:00,74.41
2023-06-09 01:20:00+00:00,71.6
2023-06-09 01:30:00+00:00,73.87
2023-06-09 01:40:00+00:00,72.21000000000001
2023-06-09 01:50:00+00:00,71.66
2023-06-09 02:00:00+00:00,73.86
2023-06-09 02:10:00+00:00,77.52
2023-06-09 02:20:00+00:00,74.07
2023-06-09 02:30:00+00:00,88.53
2023-06-09 02:40:00+00:00,87.12
2023-06-09 02:50:00+00:00,80.6
2023-06-09 03:00:00+00:00,71.11
2023-06-09 03:10:00+00:00,68.06
2023-06-09 03:20:00+00:00,65.84
2023-06-09 03:30:00+00:00,65.46
2023-06-09 03:40:00+00:00,75.00999999999999
2023-06-09 03:50:00+00:00,68.69
2023-06-09 04:00:00+00:00,70.38
2023-06-09 04:10:00+00:00,76.74
2023-06-09 04:20:00+00:00,69.39
2023-06-09 04:30:00+00:00,68.52
2023-06-09 04:40:00+00:00,67.13
2023-06-09 04:50:00+00:00,78.39
2023-06-09 05:00:00+00:00,83.92
2023-06-09 05:10:00+00:00,76.69
2023-06-09 05:20:00+00:00,79.36
2023-06-09 05:30:00+00:00,84.5
2023-06-09 05:40:00+00:00,91.39
2023-06-09 05:50:00+00:00,86.89
2023-06-09 06:00:00+00:00,97.17
2023-06-09 06:10:00+00:00,111.16
2023-06-09 06:20:00+00:00,112.33
2023-06-09 06:30:00+00:00,118.66
2023-06-09 06:40:00+00:00,125.66
2023-06-09 06:50:00+00:00,107.72
2023-06-09 07:00:00+00:00,125.99
2023-06-09 07:10:00+00:00,120.54
2023-06-09 07:20:00+00:00,122.0
2023-06-09 07:30:00+00:00,122.84
2023-06-09 07:40:00+00:00,117.12
2023-06-09 07:50:00+00:00,117.22
2023-06-09 08:00:00+00:00,123.39
2023-06-09 08:10:00+00:00,128.18
2023-06-09 08:20:00+00:00,108.36
2023-06-09 08:30:00+00:00,108.14
2023-06-09 08:40:00+00:00,119.3
2023-06-09 08:50:00+00:00,124.64
2023-06-09 09:00:00+00:00,123.06
2023-06-09 09:10:00+00:00,109.84
2023-06-09 09:20:00+00:00,134.61
2023-06-09 09:30:00+00:00,113.71
2023-06-09 09:40:00+00:00,108.14
2023-06-09 09:50:00+00:00,109.14
2023-06-09 10:00:00+00:00,114.58
2023-06-09 10:10:00+00:00,114.59
2023-06-09 10:20:00+00:00,120.27000000000001
2023-06-09 10:30:00+00:00,119.10000000000001
2023-06-09 10:40:00+00:00,114.88999999999999
2023-06-09 10:50:00+00:00,120.10000000000001
2023-06-09 11:00:00+00:00,137.0
2023-06-09 11:10:00+00:00,120.74
2023-06-09 11:20:00+00:00,130.5
2023-06-09 11:30:00+00:00,141.69
2023-06-09 11:40:00+00:00,144.13
2023-06-09 11:50:00+00:00,126.63
2023-06-09 12:00:00+00:00,139.73
2023-06-09 12:10:00+00:00,122.09
2023-06-09 12:20:00+00:00,122.61
2023-06-09 12:30:00+00:00,154.52
2023-06-09 12:40:00+00:00,144.46
2023-06-09 12:50:00+00:00,137.21
2023-06-09 13:00:00+00:00,114.74000000000001
2023-06-09 13:10:00+00:00,108.4
2023-06-09 13:20:00+00:00,105.28999999999999
2023-06-09 13:30:00+00:00,107.6
2023-06-09 13:40:00+00:00,114.02
2023-06-09 13:50:00+00:00,128.6
2023-06-09 14:00:00+00:00,146.49
2023-06-09 14:10:00+00:00,148.48
2023-06-09 14:20:00+00:00,133.59
2023-06-09 14:30:00+00:00,111.52
2023-06-09 14:40:00+00:00,113.27000000000001
2023-06-09 14:50:00+00:00,130.69
2023-06-09 15:00:00+00:00,128.68
2023-06-09 15:10:00+00:00,121.75999999999999
2023-06-09 15:20:00+00:00,125.33
2023-06-09 15:30:00+00:00,135.71
2023-06-09 15:40:00+00:00,153.71
2023-06-09 15:50:00+00:00,148.39000000000001
2023-06-09 16:00:00+00:00,164.32
2023-06-09 16:10:00+00:00,150.55
2023-06-09 16:20:00+00:00,155.12
2023-06-09 16:30:00+00:00,147.5
2023-06-09 16:40:00+00:00,129.37
2023-06-09 16:50:00+00:00,132.79
2023-06-09 17:00:00+00:00,155.61
2023-06-09 17:10:00+00:00,158.94
2023-06-09 17:20:00+00:00,147.57999999999998
2023-06-09 17:30:00+00:00,128.72
2023-06-09 17:40:00+00:00,135.73
2023-06-09 17:50:00+00:00,138.68
2023-06-09 18:00:00+00:00,138.63
2023-06-09 18:10:00+00:00,148.82
2023-06-09 18:20:00+00:00,155.06
2023-06-09 18:30:00+00:00,146.7
2023-06-09 18:40:00+00:00,155.9
2023-06-09 18:50:00+00:00,153.42
2023-06-09 19:00:00+00:00,170.01
2023-06-09 19:10:00+00:00,148.03
2023-06-09 19:20:00+00:00,138.82
2023-06-09 19:30:00+00:00,145.94
2023-06-09 19:40:00+00:00,131.02
2023-06-09 19:50:00+00:00,128.25
2023-06-09 20:00:00+00:00,129.4
2023-06-09 20:10:00+00:00,132.51999999999998
2023-06-09 20:20:00+00:00,147.39
2023-06-09 20:30:00+00:00,134.22
2023-06-09 20:40:00+00:00,136.5
2023-06-09 20:50:00+00:00,143.17
2023-06-09 21:00:00+00:00,144.98
2023-06-09 21:10:00+00:00,166.79
2023-06-09 21:20:00+00:00,148.60999999999999
2023-06-09 21:30:00+00:00,149.46
2023-06-09 21:40:00+00:00,125.02
2023-06-09 21:50:00+00:00,123.72
2023-06-09 22:00:00+00:00,118.98
2023-06-09 22:10:00+00:00,119.87
2023-06-09 22:20:00+00:00,114.51
2023-06-09 22:30:00+00:00,107.78
2023-06-09 22:40:00+00:00,107.68
2023-06-09 22:50:00+00:00,99.66
2023-06-09 23:00:00+00:00,101.92
2023-06-09 23:10:00+00:00,105.07
2023-06-09 23:20:00+00:00,110.22
2023-06-09 23:30:00+00:00,95.9
2023-06-09 23:40:00+00:00,92.4
2023-06-09 23:50:00+00:00,95.87
2023-06-10 00:00:00+00:00,91.57
2023-06-10 00:10:00+00:00,85.4
2023-06-10 00:20:00+00:00,87.99
2023-06-10 00:30:00+00:00,83.42
2023-06-10 00:40:00+00:00,82.52000000000001
2023-06-10 00:50:00+00:00,73.95
2023-06-10 01:00:00+00:00,73.91
2023-06-10 01:10:00+00:00,75.62
2023-06-10 01:20:00+00:00,77.22
2023-06-10 01:30:00+00:00,79.59
2023-06-10 01:40:00+00:00,75.47
2023-06-10 01:50:00+00:00,70.21000000000001
2023-06-10 02:00:00+00:00,69.45
2023-06-10 02:10:00+00:00,68.8
2023-06-10 02:20:00+00:00,71.46
2023-06-10 02:30:00+00:00,77.67
2023-06-10 02:40:00+00:00,81.43
2023-06-10 02:50:00+00:00,82.08
2023-06-10 03:00:00+00:00,72.02
2023-06-10 03:10:00+00:00,70.32
2023-06-10 03:20:00+00:00,74.6
2023-06-10 03:30:00+00:00,70.84
2023-06-10 03:40:00+00:00,69.84
2023-06-10 03:50:00+00:00,65.89
2023-06-10 04:00:00+00:00,63.18
2023-06-10 04:10:00+00:00,71.58
2023-06-10 04:20:00+00:00,75.34
2023-06-10 04:30:00+00:00,66.4
2023-06-10 04:40:00+00:00,75.52000000000001
2023-06-10 04:50:00+00:00,68.8
2023-06-10 05:00:00+00:00,67.95
2023-06-10 05:10:00+00:00,67.41
2023-06-10 05:20:00+00:00,80.49000000000001
2023-06-10 05:30:00+00:00,85.93
2023-06-10 05:40:00+00:00,80.07
2023-06-10 05:50:00+00:00,89.33
2023-06-10 06:00:00+00:00,96.53
2023-06-10 06:10:00+00:00,107.98
2023-06-10 06:20:00+00:00,94.44
2023-06-10 06:30:00+00:00,97.4
2023-06-10 06:40:00+00:00,116.62
2023-06-10 06:50:00+00:00,107.56
2023-06-10 07:00:00+00:00,108.14
2023-06-10 07:10:00+00:00,109.21000000000001
2023-06-10 07:20:00+00:00,107.67
2023-06-10 07:30:00+00:00,128.07
2023-06-10 07:40:00+00:00,104.97
2023-06-10 07:50:00+00:00,110.89
2023-06-10 08:00:00+00:00,103.76
2023-06-10 08:10:00+00:00,135.28
2023-06-10 08:20:00+00:00,144.99
2023-06-10 08:30:00+00:00,159.37
2023-06-10 08:40:00+00:00,161.51
2023-06-10 08:50:00+00:00,135.53
2023-06-10 09:00:00+00:00,139.54
2023-06-10 09:10:00+00:00,125.95
2023-06-10 09:20:00+00:00,150.89999999999998
2023-06-10 09:30:00+00:00,136.07999999999998
2023-06-10 09:40:00+00:00,135.04
2023-06-10 09:50:00+00:00,132.11
2023-06-10 10:00:00+00:00,123.3
2023-06-10 10:10:00+00:00,127.32
2023-06-10 10:20:00+00:00,120.28
2023-06-10 10:30:00+00:00,130.51
2023-06-10 10:40:00+00:00,133.92
2023-06-10 10:50:00+00:00,131.13
2023-06-10 11:00:00+00:00,130.74
2023-06-10 11:10:00+00:00,120.0
2023-06-10 11:20:00+00:00,131.39
2023-06-10 11:30:00+00:00,144.82999999999998
2023-06-10 11:40:00+00:00,132.76999999999998
2023-06-10 11:50:00+00:00,147.09
2023-06-10 12:00:00+00:00,146.38
2023-06-10 12:10:00+00:00,145.39
2023-06-10 12:20:00+00:00,150.57999999999998
2023-06-10 12:30:00+00:00,148.95
2023-06-10 12:40:00+00:00,160.47
2023-06-10 12:50:00+00:00,151.02
2023-06-10 13:00:00+00:00,133.35
2023-06-10 13:10:00+00:00,125.41
2023-06-10 13:20:00+00:00,128.44
2023-06-10 13:30:00+00:00,119.11
2023-06-10 13:40:00+00:00,121.61
2023-06-10 13:50:00+00:00,117.25999999999999
2023-06-10 14:00:00+00:00,116.74000000000001
2023-06-10 14:10:00+00:00,120.47
2023-06-10 14:20:00+00:00,136.2
2023-06-10 14:30:00+00:00,138.05
2023-06-10 14:40:00+00:00,137.3
2023-06-10 14:50:00+00:00,141.59
2023-06-10 15:00:00+00:00,124.35000000000001
2023-06-10 15:10:00+00:00,121.5
2023-06-10 15:20:00+00:00,118.61
2023-06-10 15:30:00+00:00,140.02
2023-06-10 15:40:00+00:00,154.5
2023-06-10 15:50:00+00:00,137.47
2023-06-10 16:00:00+00:00,145.57999999999998
2023-06-10 16:10:00+00:00,131.26
2023-06-10 16:20:00+00:00,156.25
2023-06-10 16:30:00+00:00,152.78
2023-06-10 16:40:00+00:00,152.7
2023-06-10 16:50:00+00:00,154.47
2023-06-10 17:00:00+00:00,162.81
2023-06-10 17:10:00+00:00,139.0
2023-06-10 17:20:00+00:00,135.8
2023-06-10 17:30:00+00:00,130.83
2023-06-10 17:40:00+00:00,138.45
2023-06-10 17:50:00+00:00,143.21
2023-06-10 18:00:00+00:00,137.0
2023-06-10 18:10:00+00:00,138.37
2023-06-10 18:20:00+00:00,150.42000000000002
2023-06-10 18:30:00+00:00,152.72
2023-06-10 18:40:00+00:00,153.15
2023-06-10 18:50:00+00:00,146.77
2023-06-10 19:00:00+00:00,142.66
2023-06-10 19:10:00+00:00,122.83
2023-06-10 19:20:00+00:00,143.55
2023-06-10 19:30:00+00:00,149.24
2023-06-10 19:40:00+00:00,136.56
2023-06-10 19:50:00+00:00,138.9
2023-06-10 20:00:00+00:00,140.84
2023-06-10 20:10:00+00:00,132.88
2023-06-10 20:20:00+00:00,137.16
2023-06-10 20:30:00+00:00,147.79
2023-06-10 20:40:00+00:00,151.12
2023-06-10 20:50:00+00:00,137.2
2023-06-10 21:00:00+00:00,141.29
2023-06-10 21:10:00+00:00,136.2
2023-06-10 21:20:00+00:00,145.93
2023-06-10 21:30:00+00:00,138.56
2023-06-10 21:40:00+00:00,127.84
2023-06-10 21:50:00+00:00,129.84
2023-06-10 22:00:00+00:00,129.89
2023-06-10 22:10:00+00:00,121.64
2023-06-10 22:20:00+00:00,123.35
2023-06-10 22:30:00+00:00,108.31
2023-06-10 22:40:00+00:00,114.58
2023-06-10 22:50:00+00:00,121.75
2023-06-10 23:00:00+00:00,116.72
2023-06-10 23:10:00+00:00,108.26
2023-06-10 23:20:00+00:00,99.29
2023-06-10 23:30:00+00:00,98.34
2023-06-10 23:40:00+00:00,94.14
2023-06-10 23:50:00+00:00,89.25
2023-06-11 00:00:00+00:00,93.12
2023-06-11 00:10:00+00:00,90.67
2023-06-11 00:20:00+00:00,84.5
2023-06-11 00:30:00+00:00,80.81
2023-06-11 00:40:00+00:00,79.03
2023-06-11 00:50:00+00:00,78.00999999999999
2023-06-11 01:00:00+00:00,84.86
2023-06-11 01:10:00+00:00,81.25
2023-06-11 01:20:00+00:00,75.7
2023-06-11 01:30:00+00:00,69.89
2023-06-11 01:40:00+00:00,70.32
2023-06-11 01:50:00+00:00,69.45
2023-06-11 02:00:00+00:00,69.64
2023-06-11 02:10:00+00:00,69.05
2023-06-11 02:20:00+00:00,69.19
2023-06-11 02:30:00+00:00,76.67
2023-06-11 02:40:00+00:00,77.8
2023-06-11 02:50:00+00:00,74.3
2023-06-11 03:00:00+00:00,67.89
2023-06-11 03:10:00+00:00,68.78999999999999
2023-06-11 03:20:00+00:00,67.34
2023-06-11 03:30:00+00:00,65.79
2023-06-11 03:40:00+00:00,66.66
2023-06-11 03:50:00+00:00,65.98
2023-06-11 04:00:00+00:00,68.1
2023-06-11 04:10:00+00:00,65.7
2023-06-11 04:20:00+00:00,66.9
2023-06-11 04:30:00+00:00,63.49
2023-06-11 04:40:00+00:00,58.89
2023-06-11 04:50:00+00:00,60.81
2023-06-11 05:00:00+00:00,66.97
2023-06-11 05:10:00+00:00,69.66000000000001
2023-06-11 05:20:00+00:00,69.09
2023-06-11 05:30:00+00:00,70.52
2023-06-11 05:40:00+00:00,71.4
2023-06-11 05:50:00+00:00,79.75999999999999
2023-06-11 06:00:00+00:00,84.58
2023-06-11 06:10:00+00:00,85.56
2023-06-11 06:20:00+00:00,84.11
2023-06-11 06:30:00+00:00,96.17
2023-06-11 06:40:00+00:00,104.8
2023-06-11 06:50:00+00:00,105.77
2023-06-11 07:00:00+00:00,125.6
2023-06-11 07:10:00+00:00,103.42999999999999
2023-06-11 07:20:00+00:00,104.61
2023-06-11 07:30:00+00:00,111.25
2023-06-11 07:40:00+00:00,108.99
2023-06-11 07:50:00+00:00,108.80000000000001
2023-06-11 08:00:00+00:00,117.12
2023-06-11 08:10:00+00:00,122.37
2023-06-11 08:20:00+00:00,134.47
2023-06-11 08:30:00+00:00,135.96
2023-06-11 08:40:00+00:00,153.7
2023-06-11 08:50:00+00:00,150.1
2023-06-11 09:00:00+00:00,158.74
2023-06-11 09:10:00+00:00,160.07
2023-06-11 09:20:00+00:00,155.34
2023-06-11 09:30:00+00:00,144.49
2023-06-11 09:40:00+00:00,130.6
2023-06-11 09:50:00+00:00,143.34
2023-06-11 10:00:00+00:00,143.33
2023-06-11 10:10:00+00:00,129.76
2023-06-11 10:20:00+00:00,152.57
2023-06-11 10:30:00+00:00,154.37
2023-06-11 10:40:00+00:00,148.86
2023-06-11 10:50:00+00:00,167.54000000000002
2023-06-11 11:00:00+00:00,143.21
2023-06-11 11:10:00+00:00,165.24
2023-06-11 11:20:00+00:00,156.45999999999998
2023-06-11 11:30:00+00:00,157.35
2023-06-11 11:40:00+00:00,163.4
2023-06-11 11:50:00+00:00,165.73000000000002
2023-06-11 12:00:00+00:00,184.2
2023-06-11 12:10:00+00:00,181.18
2023-06-11 12:20:00+00:00,171.24
2023-06-11 12:30:00+00:00,149.32
2023-06-11 12:40:00+00:00,162.97
2023-06-11 12:50:00+00:00,153.98
2023-06-11 13:00:00+00:00,153.24
2023-06-11 13:10:00+00:00,152.65
2023-06-11 13:20:00+00:00,136.22
2023-06-11 13:30:00+00:00,134.07999999999998
2023-06-11 13:40:00+00:00,123.42
2023-06-11 13:50:00+00:00,118.93
2023-06-11 14:00:00+00:00,132.57
2023-06-11 14:10:00+00:00,124.46
2023-06-11 14:20:00+00:00,136.42000000000002
2023-06-11 14:30:00+00:00,141.84
2023-06-11 14:40:00+00:00,147.01
2023-06-11 14:50:00+00:00,141.69
2023-06-11 15:00:00+00:00,132.55
2023-06-11 15:10:00+00:00,136.76
2023-06-11 15:20:00+00:00,151.57999999999998
2023-06-11 15:30:00+00:00,143.78
2023-06-11 15:40:00+00:00,160.78
2023-06-11 15:50:00+00:00,191.47
2023-06-11 16:00:00+00:00,178.36
2023-06-11 16:10:00+00:00,170.91
2023-06-11 16:20:00+00:00,191.23
2023-06-11 16:30:00+00:00,193.81
2023-06-11 16:40:00+00:00,203.93
2023-06-11 16:50:00+00:00,194.12
2023-06-11 17:00:00+00:00,197.92000000000002
2023-06-11 17:10:00+00:00,201.12
2023-06-11 17:20:00+00:00,170.07999999999998
2023-06-11 17:30:00+00:00,146.57999999999998
2023-06-11 17:40:00+00:00,154.03
2023-06-11 17:50:00+00:00,164.06
2023-06-11 18:00:00+00:00,164.35
2023-06-11 18:10:00+00:00,167.7
2023-06-11 18:20:00+00:00,162.72
2023-06-11 18:30:00+00:00,175.99
2023-06-11 18:40:00+00:00,164.05
2023-06-11 18:50:00+00:00,173.01
2023-06-11 19:00:00+00:00,169.01999999999998
2023-06-11 19:10:00+00:00,167.92000000000002
2023-06-11 19:20:00+00:00,145.65
2023-06-11 19:30:00+00:00,145.99
2023-06-11 19:40:00+00:00,157.71
2023-06-11 19:50:00+00:00,169.68
2023-06-11 20:00:00+00:00,149.06
2023-06-11 20:10:00+00:00,137.36
2023-06-11 20:20:00+00:00,141.22
2023-06-11 20:30:00+00:00,144.93
2023-06-11 20:40:00+00:00,151.57999999999998
2023-06-11 20:50:00+00:00,147.55
2023-06-11 21:00:00+00:00,162.06
2023-06-11 21:10:00+00:00,155.23
2023-06-11 21:20:00+00:00,130.51
2023-06-11 21:30:00+00:00,130.33
2023-06-11 21:40:00+00:00,120.78
2023-06-11 21:50:00+00:00,118.75
2023-06-11 22:00:00+00:00,117.11
2023-06-11 22:10:00+00:00,108.11
2023-06-11 22:20:00+00:00,107.1
2023-06-11 22:30:00+00:00,105.41
2023-06-11 22:40:00+00:00,99.36
2023-06-11 22:50:00+00:00,89.87
2023-06-11 23:00:00+00:00,100.51
2023-06-11 23:10:00+00:00,90.1
2023-06-11 23:20:00+00:00,89.28
2023-06-11 23:30:00+00:00,88.83
2023-06-11 23:40:00+00:00,84.75
2023-06-11 23:50:00+00:00,95.7
2023-06-12 00:00:00+00:00,92.35
2023-06-12 00:10:00+00:00,81.74
2023-06-12 00:20:00+00:00,76.52
2023-06-12 00:30:00+00:00,75.32
2023-06-12 00:40:00+00:00,76.57
2023-06-12 00:50:00+00:00,81.69
2023-06-12 01:00:00+00:00,83.88
2023-06-12 01:10:00+00:00,75.12
2023-06-12 01:20:00+00:00,72.12
2023-06-12 01:30:00+00:00,73.81
2023-06-12 01:40:00+00:00,70.57
2023-06-12 01:50:00+00:00,68.5
2023-06-12 02:00:00+00:00,65.99
2023-06-12 02:10:00+00:00,66.06
2023-06-12 02:20:00+00:00,65.46000000000001
2023-06-12 02:30:00+00:00,73.33
2023-06-12 02:40:00+00:00,72.89
2023-06-12 02:50:00+00:00,69.5
2023-06-12 03:00:00+00:00,67.53999999999999
2023-06-12 03:10:00+00:00,73.23
2023-06-12 03:20:00+00:00,67.5
2023-06-12 03:30:00+00:00,71.31
2023-06-12 03:40:00+00:00,68.29
2023-06-12 03:50:00+00:00,70.4
2023-06-12 04:00:00+00:00,72.16
2023-06-12 04:10:00+00:00,67.02000000000001
2023-06-12 04:20:00+00:00,61.09
2023-06-12 04:30:00+00:00,60.669999999999995
2023-06-12 04:40:00+00:00,63.18
2023-06-12 04:50:00+00:00,72.43
2023-06-12 05:00:00+00:00,73.13
2023-06-12 05:10:00+00:00,78.48
2023-06-12 05:20:00+00:00,82.11
2023-06-12 05:30:00+00:00,93.83
2023-06-12 05:40:00+00:00,89.09
2023-06-12 05:50:00+00:00,101.11
2023-06-12 06:00:00+00:00,123.97
2023-06-12 06:10:00+00:00,115.15
2023-06-12 06:20:00+00:00,109.6
2023-06-12 06:30:00+00:00,126.07
2023-06-12 06:40:00+00:00,131.78
2023-06-12 06:50:00+00:00,116.81
2023-06-12 07:00:00+00:00,106.77
2023-06-12 07:10:00+00:00,97.64
2023-06-12 07:20:00+00:00,92.55
2023-06-12 07:30:00+00:00,116.77000000000001
2023-06-12 07:40:00+00:00,111.59
2023-06-12 07:50:00+00:00,123.95
2023-06-12 08:00:00+00:00,124.08
2023-06-12 08:10:00+00:00,120.38
2023-06-12 08:20:00+00:00,113.09
2023-06-12 08:30:00+00:00,126.47
2023-06-12 08:40:00+00:00,112.85
2023-06-12 08:50:00+00:00,124.1
2023-06-12 09:00:00+00:00,133.77
2023-06-12 09:10:00+00:00,127.69
2023-06-12 09:20:00+00:00,126.75
2023-06-12 09:30:00+00:00,116.58
2023-06-12 09:40:00+00:00,108.46000000000001
2023-06-12 09:50:00+00:00,116.84
2023-06-12 10:00:00+00:00,118.89
2023-06-12 10:10:00+00:00,120.53
2023-06-12 10:20:00+00:00,127.25
2023-06-12 10:30:00+00:00,138.92
2023-06-12 10:40:00+00:00,123.97
2023-06-12 10:50:00+00:00,123.42
2023-06-12 11:00:00+00:00,131.13
2023-06-12 11:10:00+00:00,147.49
2023-06-12 11:20:00+00:00,135.07
2023-06-12 11:30:00+00:00,125.2
2023-06-12 11:40:00+00:00,142.31
2023-06-12 11:50:00+00:00,151.8
2023-06-12 12:00:00+00:00,127.02000000000001
2023-06-12 12:10:00+00:00,128.5
2023-06-12 12:20:00+00:00,124.3
2023-06-12 12:30:00+00:00,126.33000000000001
2023-06-12 12:40:00+00:00,109.95
2023-06-12 12:50:00+00:00,112.23
2023-06-12 13:00:00+00:00,123.12
2023-06-12 13:10:00+00:00,136.45
2023-06-12 13:20:00+00:00,124.74000000000001
2023-06-12 13:30:00+00:00,109.03
2023-06-12 13:40:00+00:00,113.7
2023-06-12 13:50:00+00:00,113.99
2023-06-12 14:00:00+00:00,108.82000000000001
2023-06-12 14:10:00+00:00,116.47999999999999
2023-06-12 14:20:00+00:00,127.18
2023-06-12 14:30:00+00:00,124.83
2023-06-12 14:40:00+00:00,124.69
2023-06-12 14:50:00+00:00,143.51
2023-06-12 15:00:00+00:00,146.99
2023-06-12 15:10:00+00:00,141.53
2023-06-12 15:20:00+00:00,124.02
2023-06-12 15:30:00+00:00,126.5
2023-06-12 15:40:00+00:00,156.65
2023-06-12 15:50:00+00:00,129.29
2023-06-12 16:00:00+00:00,112.02
2023-06-12 16:10:00+00:00,128.93
2023-06-12 16:20:00+00:00,146.9
2023-06-12 16:30:00+00:00,167.7
2023-06-12 16:40:00+00:00,182.14
2023-06-12 16:50:00+00:00,167.18
2023-06-12 17:00:00+00:00,154.92000000000002
2023-06-12 17:10:00+00:00,170.59
2023-06-12 17:20:00+00:00,176.35
2023-06-12 17:30:00+00:00,167.51
2023-06-12 17:40:00+00:00,143.24
2023-06-12 17:50:00+00:00,143.26
2023-06-12 18:00:00+00:00,153.07
2023-06-12 18:10:00+00:00,158.75
2023-06-12 18:20:00+00:00,161.92000000000002
2023-06-12 18:30:00+00:00,147.21
2023-06-12 18:40:00+00:00,161.99
2023-06-12 18:50:00+00:00,161.21
2023-06-12 19:00:00+00:00,175.31
2023-06-12 19:10:00+00:00,204.66
2023-06-12 19:20:00+00:00,160.92
2023-06-12 19:30:00+00:00,154.95
2023-06-12 19:40:00+00:00,153.75
2023-06-12 19:50:00+00:00,154.27
2023-06-12 20:00:00+00:00,144.60999999999999
2023-06-12 20:10:00+00:00,147.77
2023-06-12 20:20:00+00:00,154.74
2023-06-12 20:30:00+00:00,144.7
2023-06-12 20:40:00+00:00,139.3
2023-06-12 20:50:00+00:00,150.62
2023-06-12 21:00:00+00:00,143.72
2023-06-12 21:10:00+00:00,134.61
2023-06-12 21:20:00+00:00,122.2
2023-06-12 21:30:00+00:00,119.52
2023-06-12 21:40:00+00:00,121.94
2023-06-12 21:50:00+00:00,119.8
2023-06-12 22:00:00+00:00,126.31
2023-06-12 22:10:00+00:00,127.03
2023-06-12 22:20:00+00:00,116.57000000000001
2023-06-12 22:30:00+00:00,100.58
2023-06-12 22:40:00+00:00,98.1
2023-06-12 22:50:00+00:00,97.77
2023-06-12 23:00:00+00:00,97.08
2023-06-12 23:10:00+00:00,92.59
2023-06-12 23:20:00+00:00,94.74
2023-06-12 23:30:00+00:00,91.48
2023-06-12 23:40:00+00:00,93.03
2023-06-12 23:50:00+00:00,92.01
2023-06-13 00:00:00+00:00,87.44
2023-06-13 00:10:00+00:00,89.32000000000001
2023-06-13 00:20:00+00:00,88.42
2023-06-13 00:30:00+00:00,85.44
2023-06-13 00:40:00+00:00,76.18
2023-06-13 00:50:00+00:00,74.62
2023-06-13 01:00:00+00:00,72.94
2023-06-13 01:10:00+00:00,72.12
2023-06-13 01:20:00+00:00,76.52000000000001
2023-06-13 01:30:00+00:00,71.82
2023-06-13 01:40:00+00:00,71.53
2023-06-13 01:50:00+00:00,71.06
2023-06-13 02:00:00+00:00,71.85
2023-06-13 02:10:00+00:00,69.84
2023-06-13 02:20:00+00:00,72.16
2023-06-13 02:30:00+00:00,81.02
2023-06-13 02:40:00+00:00,77.24
2023-06-13 02:50:00+00:00,71.69
2023-06-13 03:00:00+00:00,68.32
2023-06-13 03:10:00+00:00,70.68
2023-06-13 03:20:00+00:00,74.03
2023-06-13 03:30:00+00:00,76.31
2023-06-13 03:40:00+00:00,72.32000000000001
2023-06-13 03:50:00+00:00,68.83
2023-06-13 04:00:00+00:00,73.73
2023-06-13 04:10:00+00:00,72.42999999999999
2023-06-13 04:20:00+00:00,73.49
2023-06-13 04:30:00+00:00,65.24
2023-06-13 04:40:00+00:00,70.26
2023-06-13 04:50:00+00:00,67.71
2023-06-13 05:00:00+00:00,75.36
2023-06-13 05:10:00+00:00,85.34
2023-06-13 05:20:00+00:00,96.9
2023-06-13 05:30:00+00:00,105.11
2023-06-13 05:40:00+00:00,88.45
2023-06-13 05:50:00+00:00,89.8
2023-06-13 06:00:00+00:00,124.69999999999999
2023-06-13 06:10:00+00:00,138.53
2023-06-13 06:20:00+00:00,148.38
2023-06-13 06:30:00+00:00,120.18
2023-06-13 06:40:00+00:00,129.29
2023-06-13 06:50:00+00:00,145.67000000000002
2023-06-13 07:00:00+00:00,123.94999999999999
2023-06-13 07:10:00+00:00,127.72
2023-06-13 07:20:00+00:00,116.47
2023-06-13 07:30:00+00:00,105.21000000000001
2023-06-13 07:40:00+00:00,113.87
2023-06-13 07:50:00+00:00,106.67999999999999
2023-06-13 08:00:00+00:00,112.28999999999999
2023-06-13 08:10:00+00:00,105.45
2023-06-13 08:20:00+00:00,122.69
2023-06-13 08:30:00+00:00,105.39
2023-06-13 08:40:00+00:00,105.08000000000001
2023-06-13 08:50:00+00:00,110.95
2023-06-13 09:00:00+00:00,108.71
2023-06-13 09:10:00+00:00,95.86
2023-06-13 09:20:00+00:00,101.41
2023-06-13 09:30:00+00:00,103.69
2023-06-13 09:40:00+00:00,105.56
2023-06-13 09:50:00+00:00,104.77
2023-06-13 10:00:00+00:00,110.03999999999999
2023-06-13 10:10:00+00:00,100.41
2023-06-13 10:20:00+00:00,107.23
2023-06-13 10:30:00+00:00,107.84
2023-06-13 10:40:00+00:00,107.24000000000001
2023-06-13 10:50:00+00:00,94.35
2023-06-13 11:00:00+00:00,104.69
2023-06-13 11:10:00+00:00,100.85
2023-06-13 11:20:00+00:00,109.47
2023-06-13 11:30:00+00:00,109.64
2023-06-13 11:40:00+00:00,116.77000000000001
2023-06-13 11:50:00+00:00,113.93
2023-06-13 12:00:00+00:00,124.75
2023-06-13 12:10:00+00:00,106.79
2023-06-13 12:20:00+00:00,105.71
2023-06-13 12:30:00+00:00,109.93
2023-06-13 12:40:00+00:00,132.6
2023-06-13 12:50:00+00:00,109.53
2023-06-13 13:00:00+00:00,107.34
2023-06-13 13:10:00+00:00,95.79
2023-06-13 13:20:00+00:00,97.21000000000001
2023-06-13 13:30:00+00:00,100.61
2023-06-13 13:40:00+00:00,105.38
2023-06-13 13:50:00+00:00,103.23
2023-06-13 14:00:00+00:00,108.37
2023-06-13 14:10:00+00:00,103.82
2023-06-13 14:20:00+00:00,120.88
2023-06-13 14:30:00+00:00,123.41
2023-06-13 14:40:00+00:00,117.41
2023-06-13 14:50:00+00:00,113.39
2023-06-13 15:00:00+00:00,113.61
2023-06-13 15:10:00+00:00,115.86
2023-06-13 15:20:00+00:00,121.42
2023-06-13 15:30:00+00:00,135.11
2023-06-13 15:40:00+00:00,146.12
2023-06-13 15:50:00+00:00,142.1
2023-06-13 16:00:00+00:00,139.47
2023-06-13 16:10:00+00:00,146.32999999999998
2023-06-13 16:20:00+00:00,150.71
2023-06-13 16:30:00+00:00,151.06
2023-06-13 16:40:00+00:00,145.07
2023-06-13 16:50:00+00:00,161.68
2023-06-13 17:00:00+00:00,149.81
2023-06-13 17:10:00+00:00,153.16
2023-06-13 17:20:00+00:00,163.33
2023-06-13 17:30:00+00:00,145.95
2023-06-13 17:40:00+00:00,167.26
2023-06-13 17:50:00+00:00,163.78
2023-06-13 18:00:00+00:00,154.79
2023-06-13 18:10:00+00:00,144.48000000000002
2023-06-13 18:20:00+00:00,140.41
2023-06-13 18:30:00+00:00,143.7
2023-06-13 18:40:00+00:00,150.17
2023-06-13 18:50:00+00:00,145.84
2023-06-13 19:00:00+00:00,142.32
2023-06-13 19:10:00+00:00,144.65
2023-06-13 19:20:00+00:00,147.51
2023-06-13 19:30:00+00:00,153.62
2023-06-13 19:40:00+00:00,154.32
2023-06-13 19:50:00+00:00,159.39
2023-06-13 20:00:00+00:00,157.15
2023-06-13 20:10:00+00:00,154.49
2023-06-13 20:20:00+00:00,146.91
2023-06-13 20:30:00+00:00,152.72
2023-06-13 20:40:00+00:00,147.5
2023-06-13 20:50:00+00:00,154.96
2023-06-13 21:00:00+00:00,158.72
2023-06-13 21:10:00+00:00,149.29999999999998
2023-06-13 21:20:00+00:00,132.03
2023-06-13 21:30:00+00:00,124.06
2023-06-13 21:40:00+00:00,126.44
2023-06-13 21:50:00+00:00,134.2
2023-06-13 22:00:00+00:00,124.3
2023-06-13 22:10:00+00:00,133.03
2023-06-13 22:20:00+00:00,124.82000000000001
2023-06-13 22:30:00+00:00,110.78
2023-06-13 22:40:00+00:00,106.19
2023-06-13 22:50:00+00:00,105.50999999999999
2023-06-13 23:00:00+00:00,102.08
2023-06-13 23:10:00+00:00,112.95
2023-06-13 23:20:00+00:00,97.83
2023-06-13 23:30:00+00:00,91.34
2023-06-13 23:40:00+00:00,87.96
2023-06-13 23:50:00+00:00,85.83
2023-06-14 00:00:00+00:00,88.03999999999999
2023-06-14 00:10:00+00:00,86.78
2023-06-14 00:20:00+00:00,83.37
2023-06-14 00:30:00+00:00,82.55
2023-06-14 00:40:00+00:00,80.88
2023-06-14 00:50:00+00:00,82.86
2023-06-14 01:00:00+00:00,78.77
2023-06-14 01:10:00+00:00,78.57
2023-06-14 01:20:00+00:00,79.05
2023-06-14 01:30:00+00:00,77.39
2023-06-14 01:40:00+00:00,77.28999999999999
2023-06-14 01:50:00+00:00,81.75999999999999
2023-06-14 02:00:00+00:00,80.89
2023-06-14 02:10:00+00:00,76.8
2023-06-14 02:20:00+00:00,75.7
2023-06-14 02:30:00+00:00,82.3
2023-06-14 02:40:00+00:00,81.32
2023-06-14 02:50:00+00:00,76.96
2023-06-14 03:00:00+00:00,72.65
2023-06-14 03:10:00+00:00,76.7
2023-06-14 03:20:00+00:00,80.42
2023-06-14 03:30:00+00:00,79.69
2023-06-14 03:40:00+00:00,73.33
2023-06-14 03:50:00+00:00,70.67999999999999
2023-06-14 04:00:00+00:00,71.80000000000001
2023-06-14 04:10:00+00:00,71.98
2023-06-14 04:20:00+00:00,72.69
2023-06-14 04:30:00+00:00,75.18
2023-06-14 04:40:00+00:00,81.23
2023-06-14 04:50:00+00:00,75.76
2023-06-14 05:00:00+00:00,85.73
2023-06-14 05:10:00+00:00,82.97
2023-06-14 05:20:00+00:00,89.93
2023-06-14 05:30:00+00:00,106.69
2023-06-14 05:40:00+00:00,109.7
2023-06-14 05:50:00+00:00,101.83
2023-06-14 06:00:00+00:00,114.95
2023-06-14 06:10:00+00:00,113.58
2023-06-14 06:20:00+00:00,114.22
2023-06-14 06:30:00+00:00,119.84
2023-06-14 06:40:00+00:00,132.16
2023-06-14 06:50:00+00:00,127.07000000000001
2023-06-14 07:00:00+00:00,108.7
2023-06-14 07:10:00+00:00,111.08
2023-06-14 07:20:00+00:00,99.7
2023-06-14 07:30:00+00:00,115.88
2023-06-14 07:40:00+00:00,120.14
2023-06-14 07:50:00+00:00,105.25999999999999
2023-06-14 08:00:00+00:00,93.27
2023-06-14 08:10:00+00:00,100.91
2023-06-14 08:20:00+00:00,110.2
2023-06-14 08:30:00+00:00,98.95
2023-06-14 08:40:00+00:00,101.78999999999999
2023-06-14 08:50:00+00:00,109.96
2023-06-14 09:00:00+00:00,114.75999999999999
2023-06-14 09:10:00+00:00,97.19
2023-06-14 09:20:00+00:00,104.7
2023-06-14 09:30:00+00:00,106.28999999999999
2023-06-14 09:40:00+00:00,92.36
2023-06-14 09:50:00+00:00,96.97
2023-06-14 10:00:00+00:00,101.27
2023-06-14 10:10:00+00:00,113.08
2023-06-14 10:20:00+00:00,107.79
2023-06-14 10:30:00+00:00,96.75
2023-06-14 10:40:00+00:00,88.49000000000001
2023-06-14 10:50:00+00:00,107.62
2023-06-14 11:00:00+00:00,107.14
2023-06-14 11:10:00+00:00,101.74
2023-06-14 11:20:00+00:00,110.86
2023-06-14 11:30:00+00:00,125.86999999999999
2023-06-14 11:40:00+00:00,133.35
2023-06-14 11:50:00+00:00,149.56
2023-06-14 12:00:00+00:00,121.95
2023-06-14 12:10:00+00:00,111.81
2023-06-14 12:20:00+00:00,106.72
2023-06-14 12:30:00+00:00,117.88
2023-06-14 12:40:00+00:00,94.30000000000001
2023-06-14 12:50:00+00:00,94.85
2023-06-14 13:00:00+00:00,104.48
2023-06-14 13:10:00+00:00,110.65
2023-06-14 13:20:00+00:00,113.75
2023-06-14 13:30:00+00:00,103.39
2023-06-14 13:40:00+00:00,104.09
2023-06-14 13:50:00+00:00,112.09
2023-06-14 14:00:00+00:00,106.64
2023-06-14 14:10:00+00:00,109.33
2023-06-14 14:20:00+00:00,118.41
2023-06-14 14:30:00+00:00,115.38
2023-06-14 14:40:00+00:00,102.83
2023-06-14 14:50:00+00:00,107.4
2023-06-14 15:00:00+00:00,120.37
2023-06-14 15:10:00+00:00,119.24
2023-06-14 15:20:00+00:00,124.72
2023-06-14 15:30:00+00:00,113.97
2023-06-14 15:40:00+00:00,113.33
2023-06-14 15:50:00+00:00,134.38
2023-06-14 16:00:00+00:00,164.29
2023-06-14 16:10:00+00:00,151.1
2023-06-14 16:20:00+00:00,152.65
2023-06-14 16:30:00+00:00,162.74
2023-06-14 16:40:00+00:00,143.74
2023-06-14 16:50:00+00:00,121.18
2023-06-14 17:00:00+00:00,145.21
2023-06-14 17:10:00+00:00,157.41
2023-06-14 17:20:00+00:00,152.99
2023-06-14 17:30:00+00:00,136.2
2023-06-14 17:40:00+00:00,143.8
2023-06-14 17:50:00+00:00,147.3
2023-06-14 18:00:00+00:00,130.91
2023-06-14 18:10:00+00:00,158.57
2023-06-14 18:20:00+00:00,158.92000000000002
2023-06-14 18:30:00+00:00,154.31
2023-06-14 18:40:00+00:00,154.69
2023-06-14 18:50:00+00:00,165.02
2023-06-14 19:00:00+00:00,165.07999999999998
2023-06-14 19:10:00+00:00,180.87
2023-06-14 19:20:00+00:00,191.65
2023-06-14 19:30:00+00:00,175.57999999999998
2023-06-14 19:40:00+00:00,166.92
2023-06-14 19:50:00+00:00,149.21
2023-06-14 20:00:00+00:00,141.75
2023-06-14 20:10:00+00:00,138.91
2023-06-14 20:20:00+00:00,140.07
2023-06-14 20:30:00+00:00,162.68
2023-06-14 20:40:00+00:00,148.22
2023-06-14 20:50:00+00:00,145.0
2023-06-14 21:00:00+00:00,144.05
2023-06-14 21:10:00+00:00,133.92000000000002
2023-06-14 21:20:00+00:00,145.41
2023-06-14 21:30:00+00:00,148.67
2023-06-14 21:40:00+00:00,136.7
2023-06-14 21:50:00+00:00,125.57
2023-06-14 22:00:00+00:00,127.28999999999999
2023-06-14 22:10:00+00:00,112.67
2023-06-14 22:20:00+00:00,113.56
2023-06-14 22:30:00+00:00,111.04
2023-06-14 22:40:00+00:00,112.63
2023-06-14 22:50:00+00:00,107.91
2023-06-14 23:00:00+00:00,102.66999999999999
2023-06-14 23:10:00+00:00,100.39
2023-06-14 23:20:00+00:00,99.99
2023-06-14 23:30:00+00:00,92.96
2023-06-14 23:40:00+00:00,84.9
2023-06-14 23:50:00+00:00,81.97
2023-06-15 00:00:00+00:00,84.92999999999999
2023-06-15 00:10:00+00:00,83.33
2023-06-15 00:20:00+00:00,81.43
2023-06-15 00:30:00+00:00,90.03
2023-06-15 00:40:00+00:00,86.67
2023-06-15 00:50:00+00:00,82.1
2023-06-15 01:00:00+00:00,77.1
2023-06-15 01:10:00+00:00,77.41
2023-06-15 01:20:00+00:00,81.38
2023-06-15 01:30:00+00:00,80.03
2023-06-15 01:40:00+00:00,78.88
2023-06-15 01:50:00+00:00,76.28
2023-06-15 02:00:00+00:00,75.93
2023-06-15 02:10:00+00:00,76.77
2023-06-15 02:20:00+00:00,78.77
2023-06-15 02:30:00+00:00,84.44
2023-06-15 02:40:00+00:00,79.93
2023-06-15 02:50:00+00:00,73.9
2023-06-15 03:00:00+00:00,70.73
2023-06-15 03:10:00+00:00,75.38
2023-06-15 03:20:00+00:00,76.68
2023-06-15 03:30:00+00:00,75.0
2023-06-15 03:40:00+00:00,74.14
2023-06-15 03:50:00+00:00,78.69
2023-06-15 04:00:00+00:00,79.16
2023-06-15 04:10:00+00:00,74.19
2023-06-15 04:20:00+00:00,71.35
2023-06-15 04:30:00+00:00,67.04
2023-06-15 04:40:00+00:00,68.42
2023-06-15 04:50:00+00:00,71.33
2023-06-15 05:00:00+00:00,84.47
2023-06-15 05:10:00+00:00,93.83
2023-06-15 05:20:00+00:00,104.83
2023-06-15 05:30:00+00:00,94.86
2023-06-15 05:40:00+00:00,100.22
2023-06-15 05:50:00+00:00,117.75
2023-06-15 06:00:00+00:00,124.62
2023-06-15 06:10:00+00:00,119.32
2023-06-15 06:20:00+00:00,113.67
2023-06-15 06:30:00+00:00,111.61
2023-06-15 06:40:00+00:00,123.03
2023-06-15 06:50:00+00:00,107.91
2023-06-15 07:00:00+00:00,137.43
2023-06-15 07:10:00+00:00,102.32
2023-06-15 07:20:00+00:00,110.1
2023-06-15 07:30:00+00:00,120.26
2023-06-15 07:40:00+00:00,105.18
2023-06-15 07:50:00+00:00,116.03999999999999
2023-06-15 08:00:00+00:00,112.28
2023-06-15 08:10:00+00:00,106.78999999999999
2023-06-15 08:20:00+00:00,122.36
2023-06-15 08:30:00+00:00,113.85
2023-06-15 08:40:00+00:00,110.82
2023-06-15 08:50:00+00:00,102.00999999999999
2023-06-15 09:00:00+00:00,101.32
2023-06-15 09:10:00+00:00,107.64
2023-06-15 09:20:00+00:00,108.41
2023-06-15 09:30:00+00:00,108.4
2023-06-15 09:40:00+00:00,107.57
2023-06-15 09:50:00+00:00,115.12
2023-06-15 10:00:00+00:00,106.4
2023-06-15 10:10:00+00:00,111.1
2023-06-15 10:20:00+00:00,125.24000000000001
2023-06-15 10:30:00+00:00,122.03
2023-06-15 10:40:00+00:00,115.98
2023-06-15 10:50:00+00:00,115.13
2023-06-15 11:00:00+00:00,119.93
2023-06-15 11:10:00+00:00,122.65
2023-06-15 11:20:00+00:00,130.48000000000002
2023-06-15 11:30:00+00:00,128.47
2023-06-15 11:40:00+00:00,134.07
2023-06-15 11:50:00+00:00,134.13
2023-06-15 12:00:00+00:00,120.2
2023-06-15 12:10:00+00:00,117.55
2023-06-15 12:20:00+00:00,128.78
2023-06-15 12:30:00+00:00,140.65
2023-06-15 12:40:00+00:00,114.87
2023-06-15 12:50:00+00:00,100.88
2023-06-15 13:00:00+00:00,103.50999999999999
2023-06-15 13:10:00+00:00,104.23
2023-06-15 13:20:00+00:00,107.19
2023-06-15 13:30:00+00:00,113.9
2023-06-15 13:40:00+00:00,118.58
2023-06-15 13:50:00+00:00,110.32
2023-06-15 14:00:00+00:00,109.99
2023-06-15 14:10:00+00:00,112.69
2023-06-15 14:20:00+00:00,114.3
2023-06-15 14:30:00+00:00,106.6
2023-06-15 14:40:00+00:00,101.41
2023-06-15 14:50:00+00:00,131.54
2023-06-15 15:00:00+00:00,125.8
2023-06-15 15:10:00+00:00,122.16
2023-06-15 15:20:00+00:00,115.43
2023-06-15 15:30:00+00:00,105.33
2023-06-15 15:40:00+00:00,125.00999999999999
2023-06-15 15:50:00+00:00,129.75
2023-06-15 16:00:00+00:00,152.7
2023-06-15 16:10:00+00:00,136.29
2023-06-15 16:20:00+00:00,139.56
2023-06-15 16:30:00+00:00,137.75
2023-06-15 16:40:00+00:00,147.82
2023-06-15 16:50:00+00:00,136.0
2023-06-15 17:00:00+00:00,147.2
2023-06-15 17:10:00+00:00,157.87
2023-06-15 17:20:00+00:00,161.61
2023-06-15 17:30:00+00:00,152.3
2023-06-15 17:40:00+00:00,148.01999999999998
2023-06-15 17:50:00+00:00,148.02
2023-06-15 18:00:00+00:00,135.82999999999998
2023-06-15 18:10:00+00:00,131.99
2023-06-15 18:20:00+00:00,130.38
2023-06-15 18:30:00+00:00,141.45
2023-06-15 18:40:00+00:00,143.59
2023-06-15 18:50:00+00:00,147.02
2023-06-15 19:00:00+00:00,146.6
2023-06-15 19:10:00+00:00,145.15
2023-06-15 19:20:00+00:00,160.94
2023-06-15 19:30:00+00:00,150.67000000000002
2023-06-15 19:40:00+00:00,154.26
2023-06-15 19:50:00+00:00,175.63
2023-06-15 20:00:00+00:00,168.92000000000002
2023-06-15 20:10:00+00:00,174.01999999999998
2023-06-15 20:20:00+00:00,157.07
2023-06-15 20:30:00+00:00,148.51
2023-06-15 20:40:00+00:00,151.78
2023-06-15 20:50:00+00:00,133.88
2023-06-15 21:00:00+00:00,139.26999999999998
2023-06-15 21:10:00+00:00,143.07999999999998
2023-06-15 21:20:00+00:00,144.55
2023-06-15 21:30:00+00:00,140.7
2023-06-15 21:40:00+00:00,137.58
2023-06-15 21:50:00+00:00,132.89
2023-06-15 22:00:00+00:00,116.09
2023-06-15 22:10:00+00:00,112.37
2023-06-15 22:20:00+00:00,111.89
2023-06-15 22:30:00+00:00,104.05
2023-06-15 22:40:00+00:00,114.46
2023-06-15 22:50:00+00:00,113.81
2023-06-15 23:00:00+00:00,98.94
2023-06-15 23:10:00+00:00,98.13
2023-06-15 23:20:00+00:00,99.52000000000001
2023-06-15 23:30:00+00:00,98.36
2023-06-15 23:40:00+00:00,95.26
2023-06-15 23:50:00+00:00,95.56
2023-06-16 00:00:00+00:00,88.03999999999999
2023-06-16 00:10:00+00:00,84.71000000000001
2023-06-16 00:20:00+00:00,89.14
2023-06-16 00:30:00+00:00,86.99000000000001
2023-06-16 00:40:00+00:00,82.13
2023-06-16 00:50:00+00:00,81.66
2023-06-16 01:00:00+00:00,80.32
2023-06-16 01:10:00+00:00,81.77
2023-06-16 01:20:00+00:00,80.11
2023-06-16 01:30:00+00:00,79.92
2023-06-16 01:40:00+00:00,75.0
2023-06-16 01:50:00+00:00,75.22
2023-06-16 02:00:00+00:00,73.73
2023-06-16 02:10:00+00:00,81.92
2023-06-16 02:20:00+00:00,80.19999999999999
2023-06-16 02:30:00+00:00,85.28999999999999
2023-06-16 02:40:00+00:00,87.72999999999999
2023-06-16 02:50:00+00:00,80.58
2023-06-16 03:00:00+00:00,76.49
2023-06-16 03:10:00+00:00,78.53999999999999
2023-06-16 03:20:00+00:00,73.53
2023-06-16 03:30:00+00:00,73.63
2023-06-16 03:40:00+00:00,76.84
2023-06-16 03:50:00+00:00,78.47
2023-06-16 04:00:00+00:00,82.65
2023-06-16 04:10:00+00:00,75.25
2023-06-16 04:20:00+00:00,74.38000000000001
2023-06-16 04:30:00+00:00,72.42999999999999
2023-06-16 04:40:00+00:00,72.9
2023-06-16 04:50:00+00:00,76.28
2023-06-16 05:00:00+00:00,83.34
2023-06-16 05:10:00+00:00,76.94
2023-06-16 05:20:00+00:00,80.46000000000001
2023-06-16 05:30:00+00:00,86.27000000000001
2023-06-16 05:40:00+00:00,92.22
2023-06-16 05:50:00+00:00,99.28
2023-06-16 06:00:00+00:00,123.5
2023-06-16 06:10:00+00:00,108.78
2023-06-16 06:20:00+00:00,112.42
2023-06-16 06:30:00+00:00,119.69
2023-06-16 06:40:00+00:00,121.34
2023-06-16 06:50:00+00:00,127.8
2023-06-16 07:00:00+00:00,106.97
2023-06-16 07:10:00+00:00,105.62
2023-06-16 07:20:00+00:00,99.49000000000001
2023-06-16 07:30:00+00:00,119.53
2023-06-16 07:40:00+00:00,126.41
2023-06-16 07:50:00+00:00,105.8
2023-06-16 08:00:00+00:00,126.24000000000001
2023-06-16 08:10:00+00:00,114.19
2023-06-16 08:20:00+00:00,130.65
2023-06-16 08:30:00+00:00,120.91999999999999
2023-06-16 08:40:00+00:00,114.94
2023-06-16 08:50:00+00:00,123.42
2023-06-16 09:00:00+00:00,130.79000000000002
2023-06-16 09:10:00+00:00,115.5
2023-06-16 09:20:00+00:00,117.37
2023-06-16 09:30:00+00:00,120.17
2023-06-16 09:40:00+00:00,116.38
2023-06-16 09:50:00+00:00,115.69
2023-06-16 10:00:00+00:00,112.41
2023-06-16 10:10:00+00:00,113.46
2023-06-16 10:20:00+00:00,132.16
2023-06-16 10:30:00+00:00,120.64
2023-06-16 10:40:00+00:00,111.93
2023-06-16 10:50:00+00:00,125.3
2023-06-16 11:00:00+00:00,147.42000000000002
2023-06-16 11:10:00+00:00,140.51
2023-06-16 11:20:00+00:00,132.43
2023-06-16 11:30:00+00:00,121.27000000000001
2023-06-16 11:40:00+00:00,119.13
2023-06-16 11:50:00+00:00,136.16
2023-06-16 12:00:00+00:00,165.72
2023-06-16 12:10:00+00:00,136.18
2023-06-16 12:20:00+00:00,123.55
2023-06-16 12:30:00+00:00,126.37
2023-06-16 12:40:00+00:00,133.47
2023-06-16 12:50:00+00:00,133.74
2023-06-16 13:00:00+00:00,135.48
2023-06-16 13:10:00+00:00,133.45
2023-06-16 13:20:00+00:00,123.01
2023-06-16 13:30:00+00:00,122.06
2023-06-16 13:40:00+00:00,105.02
2023-06-16 13:50:00+00:00,99.71000000000001
2023-06-16 14:00:00+00:00,111.52
2023-06-16 14:10:00+00:00,118.75
2023-06-16 14:20:00+00:00,135.84
2023-06-16 14:30:00+00:00,141.17
2023-06-16 14:40:00+00:00,137.51999999999998
2023-06-16 14:50:00+00:00,146.51999999999998
2023-06-16 15:00:00+00:00,127.53
2023-06-16 15:10:00+00:00,141.45
2023-06-16 15:20:00+00:00,137.22
2023-06-16 15:30:00+00:00,147.0
2023-06-16 15:40:00+00:00,144.67000000000002
2023-06-16 15:50:00+00:00,150.23000000000002
2023-06-16 16:00:00+00:00,141.14
2023-06-16 16:10:00+00:00,148.26
2023-06-16 16:20:00+00:00,151.35
2023-06-16 16:30:00+00:00,150.76
2023-06-16 16:40:00+00:00,137.95
2023-06-16 16:50:00+00:00,135.83
2023-06-16 17:00:00+00:00,129.09
2023-06-16 17:10:00+00:00,131.34
2023-06-16 17:20:00+00:00,139.4
2023-06-16 17:30:00+00:00,141.63
2023-06-16 17:40:00+00:00,150.54000000000002
2023-06-16 17:50:00+00:00,147.76
2023-06-16 18:00:00+00:00,169.26999999999998
2023-06-16 18:10:00+00:00,175.48
2023-06-16 18:20:00+00:00,157.98
2023-06-16 18:30:00+00:00,157.51999999999998
2023-06-16 18:40:00+00:00,169.46
2023-06-16 18:50:00+00:00,155.47
2023-06-16 19:00:00+00:00,151.46
2023-06-16 19:10:00+00:00,147.31
2023-06-16 19:20:00+00:00,135.19
2023-06-16 19:30:00+00:00,143.23
2023-06-16 19:40:00+00:00,145.24
2023-06-16 19:50:00+00:00,148.87
2023-06-16 20:00:00+00:00,135.9
2023-06-16 20:10:00+00:00,147.13
2023-06-16 20:20:00+00:00,139.78
2023-06-16 20:30:00+00:00,128.6
2023-06-16 20:40:00+00:00,139.2
2023-06-16 20:50:00+00:00,132.64
2023-06-16 21:00:00+00:00,127.23
2023-06-16 21:10:00+00:00,135.43
2023-06-16 21:20:00+00:00,133.7
2023-06-16 21:30:00+00:00,132.24
2023-06-16 21:40:00+00:00,128.71
2023-06-16 21:50:00+00:00,144.93
2023-06-16 22:00:00+00:00,139.42000000000002
2023-06-16 22:10:00+00:00,139.54
2023-06-16 22:20:00+00:00,128.63
2023-06-16 22:30:00+00:00,125.99
2023-06-16 22:40:00+00:00,106.2
2023-06-16 22:50:00+00:00,101.22999999999999
2023-06-16 23:00:00+00:00,105.5
2023-06-16 23:10:00+00:00,109.68
2023-06-16 23:20:00+00:00,104.76
2023-06-16 23:30:00+00:00,106.86
2023-06-16 23:40:00+00:00,103.03999999999999
2023-06-16 23:50:00+00:00,95.08
2023-06-17 00:00:00+00:00,89.52
2023-06-17 00:10:00+00:00,86.53
2023-06-17 00:20:00+00:00,83.24000000000001
2023-06-17 00:30:00+00:00,87.17
2023-06-17 00:40:00+00:00,85.39
2023-06-17 00:50:00+00:00,83.76
2023-06-17 01:00:00+00:00,82.98
2023-06-17 01:10:00+00:00,78.94
2023-06-17 01:20:00+00:00,79.06
2023-06-17 01:30:00+00:00,77.36
2023-06-17 01:40:00+00:00,73.56
2023-06-17 01:50:00+00:00,74.19999999999999
2023-06-17 02:00:00+00:00,73.73
2023-06-17 02:10:00+00:00,73.83
2023-06-17 02:20:00+00:00,72.04
2023-06-17 02:30:00+00:00,81.31
2023-06-17 02:40:00+00:00,84.85
2023-06-17 02:50:00+00:00,79.15
2023-06-17 03:00:00+00:00,76.28
2023-06-17 03:10:00+00:00,80.43
2023-06-17 03:20:00+00:00,79.37
2023-06-17 03:30:00+00:00,78.45
2023-06-17 03:40:00+00:00,82.51
2023-06-17 03:50:00+00:00,84.87
2023-06-17 04:00:00+00:00,86.18
2023-06-17 04:10:00+00:00,83.75
2023-06-17 04:20:00+00:00,86.24000000000001
2023-06-17 04:30:00+00:00,69.79
2023-06-17 04:40:00+00:00,75.93
2023-06-17 04:50:00+00:00,74.85
2023-06-17 05:00:00+00:00,77.14
2023-06-17 05:10:00+00:00,74.46
2023-06-17 05:20:00+00:00,83.52000000000001
2023-06-17 05:30:00+00:00,92.82
2023-06-17 05:40:00+00:00,81.85
2023-06-17 05:50:00+00:00,80.11
2023-06-17 06:00:00+00:00,85.52000000000001
2023-06-17 06:10:00+00:00,97.6
2023-06-17 06:20:00+00:00,107.3
2023-06-17 06:30:00+00:00,95.09
2023-06-17 06:40:00+00:00,107.23
2023-06-17 06:50:00+00:00,103.51
2023-06-17 07:00:00+00:00,94.69
2023-06-17 07:10:00+00:00,106.76
2023-06-17 07:20:00+00:00,110.18
2023-06-17 07:30:00+00:00,130.76
2023-06-17 07:40:00+00:00,109.42
2023-06-17 07:50:00+00:00,105.93
2023-06-17 08:00:00+00:00,122.36
2023-06-17 08:10:00+00:00,108.08
2023-06-17 08:20:00+00:00,112.21000000000001
2023-06-17 08:30:00+00:00,112.9
2023-06-17 08:40:00+00:00,116.66999999999999
2023-06-17 08:50:00+00:00,123.44
2023-06-17 09:00:00+00:00,138.46
2023-06-17 09:10:00+00:00,125.53
2023-06-17 09:20:00+00:00,131.68
2023-06-17 09:30:00+00:00,120.3
2023-06-17 09:40:00+00:00,121.66000000000001
2023-06-17 09:50:00+00:00,137.01999999999998
2023-06-17 10:00:00+00:00,124.1
2023-06-17 10:10:00+00:00,132.41
2023-06-17 10:20:00+00:00,133.26
2023-06-17 10:30:00+00:00,112.99000000000001
2023-06-17 10:40:00+00:00,109.2
2023-06-17 10:50:00+00:00,132.41
2023-06-17 11:00:00+00:00,130.63
2023-06-17 11:10:00+00:00,125.3
2023-06-17 11:20:00+00:00,130.76
2023-06-17 11:30:00+00:00,134.25
2023-06-17 11:40:00+00:00,138.58
2023-06-17 11:50:00+00:00,137.07
2023-06-17 12:00:00+00:00,136.96
2023-06-17 12:10:00+00:00,132.09
2023-06-17 12:20:00+00:00,137.13
2023-06-17 12:30:00+00:00,142.0
2023-06-17 12:40:00+00:00,133.44
2023-06-17 12:50:00+00:00,145.04
2023-06-17 13:00:00+00:00,141.24
2023-06-17 13:10:00+00:00,139.09
2023-06-17 13:20:00+00:00,126.51
2023-06-17 13:30:00+00:00,138.91
2023-06-17 13:40:00+00:00,134.92000000000002
2023-06-17 13:50:00+00:00,135.84
2023-06-17 14:00:00+00:00,134.11
2023-06-17 14:10:00+00:00,144.76
2023-06-17 14:20:00+00:00,141.74
2023-06-17 14:30:00+00:00,142.99
2023-06-17 14:40:00+00:00,157.96
2023-06-17 14:50:00+00:00,144.18
2023-06-17 15:00:00+00:00,150.22
2023-06-17 15:10:00+00:00,126.77000000000001
2023-06-17 15:20:00+00:00,122.74
2023-06-17 15:30:00+00:00,121.18
2023-06-17 15:40:00+00:00,140.73
2023-06-17 15:50:00+00:00,137.73
2023-06-17 16:00:00+00:00,135.97
2023-06-17 16:10:00+00:00,141.26999999999998
2023-06-17 16:20:00+00:00,162.3
2023-06-17 16:30:00+00:00,149.55
2023-06-17 16:40:00+00:00,167.85000000000002
2023-06-17 16:50:00+00:00,161.68
2023-06-17 17:00:00+00:00,178.03
2023-06-17 17:10:00+00:00,208.28
2023-06-17 17:20:00+00:00,190.78
2023-06-17 17:30:00+00:00,169.31
2023-06-17 17:40:00+00:00,166.92000000000002
2023-06-17 17:50:00+00:00,174.85
2023-06-17 18:00:00+00:00,161.82999999999998
2023-06-17 18:10:00+00:00,152.72
2023-06-17 18:20:00+00:00,148.98000000000002
2023-06-17 18:30:00+00:00,153.3
2023-06-17 18:40:00+00:00,149.46
2023-06-17 18:50:00+00:00,167.45
2023-06-17 19:00:00+00:00,139.91
2023-06-17 19:10:00+00:00,130.61
2023-06-17 19:20:00+00:00,123.83
2023-06-17 19:30:00+00:00,132.09
2023-06-17 19:40:00+00:00,131.1
2023-06-17 19:50:00+00:00,140.86
2023-06-17 20:00:00+00:00,139.72
2023-06-17 20:10:00+00:00,152.09
2023-06-17 20:20:00+00:00,154.48
2023-06-17 20:30:00+00:00,153.94
2023-06-17 20:40:00+00:00,145.55
2023-06-17 20:50:00+00:00,149.23
2023-06-17 21:00:00+00:00,159.36
2023-06-17 21:10:00+00:00,148.24
2023-06-17 21:20:00+00:00,128.05
2023-06-17 21:30:00+00:00,127.75
2023-06-17 21:40:00+00:00,150.07
2023-06-17 21:50:00+00:00,144.32999999999998
2023-06-17 22:00:00+00:00,126.04
2023-06-17 22:10:00+00:00,129.38
2023-06-17 22:20:00+00:00,118.94
2023-06-17 22:30:00+00:00,111.3
2023-06-17 22:40:00+00:00,115.5
2023-06-17 22:50:00+00:00,107.89
2023-06-17 23:00:00+00:00,104.96000000000001
2023-06-17 23:10:00+00:00,103.44
2023-06-17 23:20:00+00:00,99.35
2023-06-17 23:30:00+00:00,104.26
2023-06-17 23:40:00+00:00,101.84
2023-06-17 23:50:00+00:00,88.42
2023-06-18 00:00:00+00:00,93.85
2023-06-18 00:10:00+00:00,86.5
2023-06-18 00:20:00+00:00,86.91
2023-06-18 00:30:00+00:00,84.36
2023-06-18 00:40:00+00:00,92.72
2023-06-18 00:50:00+00:00,91.71
2023-06-18 01:00:00+00:00,90.68
2023-06-18 01:10:00+00:00,86.16
2023-06-18 01:20:00+00:00,80.99
2023-06-18 01:30:00+00:00,77.26
2023-06-18 01:40:00+00:00,76.88
2023-06-18 01:50:00+00:00,77.28
2023-06-18 02:00:00+00:00,77.13
2023-06-18 02:10:00+00:00,81.91
2023-06-18 02:20:00+00:00,78.38
2023-06-18 02:30:00+00:00,85.25
2023-06-18 02:40:00+00:00,79.84
2023-06-18 02:50:00+00:00,77.43
2023-06-18 03:00:00+00:00,75.74000000000001
2023-06-18 03:10:00+00:00,75.53999999999999
2023-06-18 03:20:00+00:00,74.75
2023-06-18 03:30:00+00:00,68.06
2023-06-18 03:40:00+00:00,65.01
2023-06-18 03:50:00+00:00,73.21000000000001
2023-06-18 04:00:00+00:00,75.69
2023-06-18 04:10:00+00:00,74.24
2023-06-18 04:20:00+00:00,73.77
2023-06-18 04:30:00+00:00,67.3
2023-06-18 04:40:00+00:00,65.17
2023-06-18 04:50:00+00:00,71.03
2023-06-18 05:00:00+00:00,73.39
2023-06-18 05:10:00+00:00,70.6
2023-06-18 05:20:00+00:00,77.8
2023-06-18 05:30:00+00:00,79.78
2023-06-18 05:40:00+00:00,79.86
2023-06-18 05:50:00+00:00,79.73
2023-06-18 06:00:00+00:00,91.3
2023-06-18 06:10:00+00:00,89.4
2023-06-18 06:20:00+00:00,88.48
2023-06-18 06:30:00+00:00,89.4
2023-06-18 06:40:00+00:00,114.73
2023-06-18 06:50:00+00:00,115.74000000000001
2023-06-18 07:00:00+00:00,110.74000000000001
2023-06-18 07:10:00+00:00,126.21
2023-06-18 07:20:00+00:00,127.94999999999999
2023-06-18 07:30:00+00:00,133.96
2023-06-18 07:40:00+00:00,133.24
2023-06-18 07:50:00+00:00,129.22
2023-06-18 08:00:00+00:00,144.32
2023-06-18 08:10:00+00:00,121.3
2023-06-18 08:20:00+00:00,138.07
2023-06-18 08:30:00+00:00,152.61
2023-06-18 08:40:00+00:00,156.36
2023-06-18 08:50:00+00:00,139.42000000000002
2023-06-18 09:00:00+00:00,122.88
2023-06-18 09:10:00+00:00,125.5
2023-06-18 09:20:00+00:00,133.31
2023-06-18 09:30:00+00:00,140.18
2023-06-18 09:40:00+00:00,141.25
2023-06-18 09:50:00+00:00,137.26
2023-06-18 10:00:00+00:00,148.32999999999998
2023-06-18 10:10:00+00:00,137.39
2023-06-18 10:20:00+00:00,142.0
2023-06-18 10:30:00+00:00,136.36
2023-06-18 10:40:00+00:00,132.57999999999998
2023-06-18 10:50:00+00:00,139.74
2023-06-18 11:00:00+00:00,153.46
2023-06-18 11:10:00+00:00,170.65
2023-06-18 11:20:00+00:00,157.14
2023-06-18 11:30:00+00:00,141.01999999999998
2023-06-18 11:40:00+00:00,170.41
2023-06-18 11:50:00+00:00,151.32
2023-06-18 12:00:00+00:00,146.16
2023-06-18 12:10:00+00:00,144.72
2023-06-18 12:20:00+00:00,137.26999999999998
2023-06-18 12:30:00+00:00,122.81
2023-06-18 12:40:00+00:00,127.1
2023-06-18 12:50:00+00:00,147.10000000000002
2023-06-18 13:00:00+00:00,143.92000000000002
2023-06-18 13:10:00+00:00,131.82
2023-06-18 13:20:00+00:00,128.34
2023-06-18 13:30:00+00:00,121.92
2023-06-18 13:40:00+00:00,118.75
2023-06-18 13:50:00+00:00,124.7
2023-06-18 14:00:00+00:00,112.4
2023-06-18 14:10:00+00:00,120.72
2023-06-18 14:20:00+00:00,122.4
2023-06-18 14:30:00+00:00,123.22
2023-06-18 14:40:00+00:00,126.77
2023-06-18 14:50:00+00:00,124.6
2023-06-18 15:00:00+00:00,132.65
2023-06-18 15:10:00+00:00,140.45000000000002
2023-06-18 15:20:00+00:00,121.98
2023-06-18 15:30:00+00:00,138.23000000000002
2023-06-18 15:40:00+00:00,115.98
2023-06-18 15:50:00+00:00,139.66
2023-06-18 16:00:00+00:00,141.32
2023-06-18 16:10:00+00:00,143.59
2023-06-18 16:20:00+00:00,140.95
2023-06-18 16:30:00+00:00,142.31
2023-06-18 16:40:00+00:00,148.46
2023-06-18 16:50:00+00:00,153.51
2023-06-18 17:00:00+00:00,156.72
2023-06-18 17:10:00+00:00,153.87
2023-06-18 17:20:00+00:00,156.33
2023-06-18 17:30:00+00:00,165.91
2023-06-18 17:40:00+00:00,159.62
2023-06-18 17:50:00+00:00,157.69
2023-06-18 18:00:00+00:00,170.39
2023-06-18 18:10:00+00:00,168.84
2023-06-18 18:20:00+00:00,190.95
2023-06-18 18:30:00+00:00,178.43
2023-06-18 18:40:00+00:00,169.22
2023-06-18 18:50:00+00:00,141.16
2023-06-18 19:00:00+00:00,159.18
2023-06-18 19:10:00+00:00,168.78
2023-06-18 19:20:00+00:00,168.09
2023-06-18 19:30:00+00:00,162.69
2023-06-18 19:40:00+00:00,165.76999999999998
2023-06-18 19:50:00+00:00,190.35
2023-06-18 20:00:00+00:00,179.64
2023-06-18 20:10:00+00:00,187.76
2023-06-18 20:20:00+00:00,184.95999999999998
2023-06-18 20:30:00+00:00,144.61
2023-06-18 20:40:00+00:00,143.32999999999998
2023-06-18 20:50:00+00:00,151.39
2023-06-18 21:00:00+00:00,147.17
2023-06-18 21:10:00+00:00,138.89
2023-06-18 21:20:00+00:00,152.79
2023-06-18 21:30:00+00:00,139.7
2023-06-18 21:40:00+00:00,144.45
2023-06-18 21:50:00+00:00,126.10000000000001
2023-06-18 22:00:00+00:00,138.07
2023-06-18 22:10:00+00:00,147.41
2023-06-18 22:20:00+00:00,120.56
2023-06-18 22:30:00+00:00,112.8
2023-06-18 22:40:00+00:00,105.64
2023-06-18 22:50:00+00:00,110.42
2023-06-18 23:00:00+00:00,101.97
2023-06-18 23:10:00+00:00,96.68
2023-06-18 23:20:00+00:00,97.98
2023-06-18 23:30:00+00:00,92.5
2023-06-18 23:40:00+00:00,87.50999999999999
2023-06-18 23:50:00+00:00,82.16
2023-06-19 00:00:00+00:00,86.3
2023-06-19 00:10:00+00:00,85.09
2023-06-19 00:20:00+00:00,84.62
2023-06-19 00:30:00+00:00,81.27000000000001
2023-06-19 00:40:00+00:00,77.7
2023-06-19 00:50:00+00:00,81.2
2023-06-19 01:00:00+00:00,84.63
2023-06-19 01:10:00+00:00,81.88
2023-06-19 01:20:00+00:00,77.28999999999999
2023-06-19 01:30:00+00:00,74.65
2023-06-19 01:40:00+00:00,74.94
2023-06-19 01:50:00+00:00,74.02
2023-06-19 02:00:00+00:00,74.57000000000001
2023-06-19 02:10:00+00:00,71.85
2023-06-19 02:20:00+00:00,70.15
2023-06-19 02:30:00+00:00,78.4
2023-06-19 02:40:00+00:00,82.47
2023-06-19 02:50:00+00:00,75.99000000000001
2023-06-19 03:00:00+00:00,75.96
2023-06-19 03:10:00+00:00,74.2
2023-06-19 03:20:00+00:00,76.23
2023-06-19 03:30:00+00:00,72.61
2023-06-19 03:40:00+00:00,73.38
2023-06-19 03:50:00+00:00,69.96000000000001
2023-06-19 04:00:00+00:00,72.74000000000001
2023-06-19 04:10:00+00:00,73.82
2023-06-19 04:20:00+00:00,70.6
2023-06-19 04:30:00+00:00,66.06
2023-06-19 04:40:00+00:00,65.9
2023-06-19 04:50:00+00:00,65.36
2023-06-19 05:00:00+00:00,69.21000000000001
2023-06-19 05:10:00+00:00,71.08
2023-06-19 05:20:00+00:00,77.94
2023-06-19 05:30:00+00:00,83.72
2023-06-19 05:40:00+00:00,81.37
2023-06-19 05:50:00+00:00,90.08
2023-06-19 06:00:00+00:00,101.21000000000001
2023-06-19 06:10:00+00:00,86.65
2023-06-19 06:20:00+00:00,102.11
2023-06-19 06:30:00+00:00,122.52
2023-06-19 06:40:00+00:00,135.34
2023-06-19 06:50:00+00:00,132.09
2023-06-19 07:00:00+00:00,144.64
2023-06-19 07:10:00+00:00,116.74
2023-06-19 07:20:00+00:00,119.51
2023-06-19 07:30:00+00:00,114.28
2023-06-19 07:40:00+00:00,108.04
2023-06-19 07:50:00+00:00,101.28
2023-06-19 08:00:00+00:00,112.71000000000001
2023-06-19 08:10:00+00:00,113.66
2023-06-19 08:20:00+00:00,127.0
2023-06-19 08:30:00+00:00,123.10999999999999
2023-06-19 08:40:00+00:00,129.46
2023-06-19 08:50:00+00:00,111.07
2023-06-19 09:00:00+00:00,117.58
2023-06-19 09:10:00+00:00,98.01
2023-06-19 09:20:00+00:00,105.08
2023-06-19 09:30:00+00:00,103.42
2023-06-19 09:40:00+00:00,106.26
2023-06-19 09:50:00+00:00,113.5
2023-06-19 10:00:00+00:00,101.50999999999999
2023-06-19 10:10:00+00:00,102.63
2023-06-19 10:20:00+00:00,96.68
2023-06-19 10:30:00+00:00,99.97
2023-06-19 10:40:00+00:00,106.97
2023-06-19 10:50:00+00:00,97.53999999999999
2023-06-19 11:00:00+00:00,112.62
2023-06-19 11:10:00+00:00,120.46
2023-06-19 11:20:00+00:00,118.92
2023-06-19 11:30:00+00:00,121.13999999999999
2023-06-19 11:40:00+00:00,122.78
2023-06-19 11:50:00+00:00,142.21
2023-06-19 12:00:00+00:00,123.53
2023-06-19 12:10:00+00:00,108.75999999999999
2023-06-19 12:20:00+00:00,110.4
2023-06-19 12:30:00+00:00,112.97
2023-06-19 12:40:00+00:00,125.67
2023-06-19 12:50:00+00:00,112.9
2023-06-19 13:00:00+00:00,112.78999999999999
2023-06-19 13:10:00+00:00,100.28
2023-06-19 13:20:00+00:00,99.21
2023-06-19 13:30:00+00:00,105.28
2023-06-19 13:40:00+00:00,107.62
2023-06-19 13:50:00+00:00,114.91
2023-06-19 14:00:00+00:00,108.24
2023-06-19 14:10:00+00:00,99.1
2023-06-19 14:20:00+00:00,105.74000000000001
2023-06-19 14:30:00+00:00,110.66
2023-06-19 14:40:00+00:00,119.12
2023-06-19 14:50:00+00:00,107.99000000000001
2023-06-19 15:00:00+00:00,107.58
2023-06-19 15:10:00+00:00,105.53
2023-06-19 15:20:00+00:00,114.32
2023-06-19 15:30:00+00:00,124.08
2023-06-19 15:40:00+00:00,143.79
2023-06-19 15:50:00+00:00,141.74
2023-06-19 16:00:00+00:00,144.02
2023-06-19 16:10:00+00:00,146.12
2023-06-19 16:20:00+00:00,151.42
2023-06-19 16:30:00+00:00,157.89000000000001
2023-06-19 16:40:00+00:00,146.57999999999998
2023-06-19 16:50:00+00:00,151.12
2023-06-19 17:00:00+00:00,158.04000000000002
2023-06-19 17:10:00+00:00,159.14
2023-06-19 17:20:00+00:00,169.07999999999998
2023-06-19 17:30:00+00:00,157.25
2023-06-19 17:40:00+00:00,157.84
2023-06-19 17:50:00+00:00,160.71
2023-06-19 18:00:00+00:00,162.64999999999998
2023-06-19 18:10:00+00:00,174.64
2023-06-19 18:20:00+00:00,167.97
2023-06-19 18:30:00+00:00,171.52
2023-06-19 18:40:00+00:00,178.18
2023-06-19 18:50:00+00:00,157.09
2023-06-19 19:00:00+00:00,143.37
2023-06-19 19:10:00+00:00,154.89999999999998
2023-06-19 19:20:00+00:00,148.37
2023-06-19 19:30:00+00:00,154.23
2023-06-19 19:40:00+00:00,155.02
2023-06-19 19:50:00+00:00,146.07999999999998
2023-06-19 20:00:00+00:00,140.54
2023-06-19 20:10:00+00:00,136.89
2023-06-19 20:20:00+00:00,144.83
2023-06-19 20:30:00+00:00,147.67
2023-06-19 20:40:00+00:00,139.01
2023-06-19 20:50:00+00:00,149.19
2023-06-19 21:00:00+00:00,158.99
2023-06-19 21:10:00+00:00,149.47
2023-06-19 21:20:00+00:00,156.87
2023-06-19 21:30:00+00:00,163.27
2023-06-19 21:40:00+00:00,142.48
2023-06-19 21:50:00+00:00,123.61000000000001
2023-06-19 22:00:00+00:00,122.92999999999999
2023-06-19 22:10:00+00:00,121.36000000000001
2023-06-19 22:20:00+00:00,128.48
2023-06-19 22:30:00+00:00,107.15
2023-06-19 22:40:00+00:00,99.55
2023-06-19 22:50:00+00:00,106.73
2023-06-19 23:00:00+00:00,93.63
2023-06-19 23:10:00+00:00,96.46000000000001
2023-06-19 23:20:00+00:00,97.36
2023-06-19 23:30:00+00:00,98.53999999999999
2023-06-19 23:40:00+00:00,89.98
2023-06-19 23:50:00+00:00,87.75
2023-06-20 00:00:00+00:00,85.05
2023-06-20 00:10:00+00:00,86.06
2023-06-20 00:20:00+00:00,79.99
2023-06-20 00:30:00+00:00,80.17
2023-06-20 00:40:00+00:00,77.05
2023-06-20 00:50:00+00:00,81.89
2023-06-20 01:00:00+00:00,83.57
2023-06-20 01:10:00+00:00,83.24
2023-06-20 01:20:00+00:00,82.03999999999999
2023-06-20 01:30:00+00:00,75.4
2023-06-20 01:40:00+00:00,74.27
2023-06-20 01:50:00+00:00,73.30000000000001
2023-06-20 02:00:00+00:00,71.84
2023-06-20 02:10:00+00:00,72.28999999999999
2023-06-20 02:20:00+00:00,72.62
2023-06-20 02:30:00+00:00,75.1
2023-06-20 02:40:00+00:00,77.34
2023-06-20 02:50:00+00:00,72.44
2023-06-20 03:00:00+00:00,72.62
2023-06-20 03:10:00+00:00,72.39
2023-06-20 03:20:00+00:00,71.07
2023-06-20 03:30:00+00:00,71.36
2023-06-20 03:40:00+00:00,69.96000000000001
2023-06-20 03:50:00+00:00,75.84
2023-06-20 04:00:00+00:00,78.78999999999999
2023-06-20 04:10:00+00:00,75.25999999999999
2023-06-20 04:20:00+00:00,76.19
2023-06-20 04:30:00+00:00,71.52
2023-06-20 04:40:00+00:00,69.28999999999999
2023-06-20 04:50:00+00:00,73.33
2023-06-20 05:00:00+00:00,89.58
2023-06-20 05:10:00+00:00,94.21000000000001
2023-06-20 05:20:00+00:00,88.33
2023-06-20 05:30:00+00:00,96.82
2023-06-20 05:40:00+00:00,110.94
2023-06-20 05:50:00+00:00,100.26
2023-06-20 06:00:00+00:00,97.54
2023-06-20 06:10:00+00:00,105.25
2023-06-20 06:20:00+00:00,132.32
2023-06-20 06:30:00+00:00,109.37
2023-06-20 06:40:00+00:00,123.98
2023-06-20 06:50:00+00:00,120.61
2023-06-20 07:00:00+00:00,122.4
2023-06-20 07:10:00+00:00,105.52000000000001
2023-06-20 07:20:00+00:00,119.22
2023-06-20 07:30:00+00:00,100.13
2023-06-20 07:40:00+00:00,96.59
2023-06-20 07:50:00+00:00,103.24000000000001
2023-06-20 08:00:00+00:00,112.7
2023-06-20 08:10:00+00:00,103.31
2023-06-20 08:20:00+00:00,108.55
2023-06-20 08:30:00+00:00,113.91
2023-06-20 08:40:00+00:00,104.19
2023-06-20 08:50:00+00:00,103.53
2023-06-20 09:00:00+00:00,105.58
2023-06-20 09:10:00+00:00,107.35
2023-06-20 09:20:00+00:00,99.24
2023-06-20 09:30:00+00:00,103.89
2023-06-20 09:40:00+00:00,108.46000000000001
2023-06-20 09:50:00+00:00,119.0
2023-06-20 10:00:00+00:00,106.74000000000001
2023-06-20 10:10:00+00:00,107.77000000000001
2023-06-20 10:20:00+00:00,111.94999999999999
2023-06-20 10:30:00+00:00,104.01
2023-06-20 10:40:00+00:00,96.52000000000001
2023-06-20 10:50:00+00:00,96.81
2023-06-20 11:00:00+00:00,93.8
2023-06-20 11:10:00+00:00,116.03999999999999
2023-06-20 11:20:00+00:00,119.21000000000001
2023-06-20 11:30:00+00:00,120.68
2023-06-20 11:40:00+00:00,123.63
2023-06-20 11:50:00+00:00,116.35
2023-06-20 12:00:00+00:00,108.75
2023-06-20 12:10:00+00:00,104.14
2023-06-20 12:20:00+00:00,107.33
2023-06-20 12:30:00+00:00,118.9
2023-06-20 12:40:00+00:00,152.85
2023-06-20 12:50:00+00:00,144.09
2023-06-20 13:00:00+00:00,125.28999999999999
2023-06-20 13:10:00+00:00,119.66
2023-06-20 13:20:00+00:00,122.66
2023-06-20 13:30:00+00:00,117.77
2023-06-20 13:40:00+00:00,113.84
2023-06-20 13:50:00+00:00,132.56
2023-06-20 14:00:00+00:00,135.93
2023-06-20 14:10:00+00:00,103.67
2023-06-20 14:20:00+00:00,97.32
2023-06-20 14:30:00+00:00,105.42
2023-06-20 14:40:00+00:00,123.0
2023-06-20 14:50:00+00:00,121.69
2023-06-20 15:00:00+00:00,114.58
2023-06-20 15:10:00+00:00,114.27
2023-06-20 15:20:00+00:00,110.06
2023-06-20 15:30:00+00:00,115.2
2023-06-20 15:40:00+00:00,133.75
2023-06-20 15:50:00+00:00,152.63
2023-06-20 16:00:00+00:00,156.71
2023-06-20 16:10:00+00:00,164.44
2023-06-20 16:20:00+00:00,169.09
2023-06-20 16:30:00+00:00,145.8
2023-06-20 16:40:00+00:00,168.74
2023-06-20 16:50:00+00:00,150.42000000000002
2023-06-20 17:00:00+00:00,165.44
2023-06-20 17:10:00+00:00,153.95
2023-06-20 17:20:00+00:00,153.65
2023-06-20 17:30:00+00:00,145.23000000000002
2023-06-20 17:40:00+00:00,143.34
2023-06-20 17:50:00+00:00,159.38
2023-06-20 18:00:00+00:00,168.67000000000002
2023-06-20 18:10:00+00:00,186.7
2023-06-20 18:20:00+00:00,167.45999999999998
2023-06-20 18:30:00+00:00,175.57
2023-06-20 18:40:00+00:00,185.94
2023-06-20 18:50:00+00:00,183.81
2023-06-20 19:00:00+00:00,187.34
2023-06-20 19:10:00+00:00,158.43
2023-06-20 19:20:00+00:00,155.65
2023-06-20 19:30:00+00:00,159.79
2023-06-20 19:40:00+00:00,149.33
2023-06-20 19:50:00+00:00,160.47
2023-06-20 20:00:00+00:00,143.31
2023-06-20 20:10:00+00:00,132.29
2023-06-20 20:20:00+00:00,145.59
2023-06-20 20:30:00+00:00,146.31
2023-06-20 20:40:00+00:00,141.97
2023-06-20 20:50:00+00:00,144.62
2023-06-20 21:00:00+00:00,142.98000000000002
2023-06-20 21:10:00+00:00,133.62
2023-06-20 21:20:00+00:00,120.26
2023-06-20 21:30:00+00:00,118.15
2023-06-20 21:40:00+00:00,130.60999999999999
2023-06-20 21:50:00+00:00,119.38
2023-06-20 22:00:00+00:00,121.93
2023-06-20 22:10:00+00:00,117.41999999999999
2023-06-20 22:20:00+00:00,128.06
2023-06-20 22:30:00+00:00,118.11000000000001
2023-06-20 22:40:00+00:00,104.06
2023-06-20 22:50:00+00:00,102.06
2023-06-20 23:00:00+00:00,103.62
2023-06-20 23:10:00+00:00,111.63
2023-06-20 23:20:00+00:00,105.83
2023-06-20 23:30:00+00:00,101.08
2023-06-20 23:40:00+00:00,96.11
2023-06-20 23:50:00+00:00,91.68
2023-06-21 00:00:00+00:00,90.73
2023-06-21 00:10:00+00:00,90.98
2023-06-21 00:20:00+00:00,99.97
2023-06-21 00:30:00+00:00,87.6
2023-06-21 00:40:00+00:00,82.42
2023-06-21 00:50:00+00:00,84.63
2023-06-21 01:00:00+00:00,77.86
2023-06-21 01:10:00+00:00,77.80000000000001
2023-06-21 01:20:00+00:00,77.03999999999999
2023-06-21 01:30:00+00:00,75.91
2023-06-21 01:40:00+00:00,74.44
2023-06-21 01:50:00+00:00,74.26
2023-06-21 02:00:00+00:00,72.19
2023-06-21 02:10:00+00:00,69.92
2023-06-21 02:20:00+00:00,72.48
2023-06-21 02:30:00+00:00,77.31
2023-06-21 02:40:00+00:00,76.11
2023-06-21 02:50:00+00:00,74.07
2023-06-21 03:00:00+00:00,72.44
2023-06-21 03:10:00+00:00,68.91
2023-06-21 03:20:00+00:00,73.06
2023-06-21 03:30:00+00:00,69.48
2023-06-21 03:40:00+00:00,65.9
2023-06-21 03:50:00+00:00,64.24
2023-06-21 04:00:00+00:00,70.96000000000001
2023-06-21 04:10:00+00:00,74.0
2023-06-21 04:20:00+00:00,80.67
2023-06-21 04:30:00+00:00,71.78
2023-06-21 04:40:00+00:00,70.73
2023-06-21 04:50:00+00:00,76.57
2023-06-21 05:00:00+00:00,82.47
2023-06-21 05:10:00+00:00,83.93
2023-06-21 05:20:00+00:00,83.08
2023-06-21 05:30:00+00:00,95.53
2023-06-21 05:40:00+00:00,102.13
2023-06-21 05:50:00+00:00,98.44999999999999
2023-06-21 06:00:00+00:00,111.69999999999999
2023-06-21 06:10:00+00:00,106.41
2023-06-21 06:20:00+00:00,124.03
2023-06-21 06:30:00+00:00,119.75
2023-06-21 06:40:00+00:00,108.37
2023-06-21 06:50:00+00:00,120.72999999999999
2023-06-21 07:00:00+00:00,112.41
2023-06-21 07:10:00+00:00,96.61
2023-06-21 07:20:00+00:00,104.12
2023-06-21 07:30:00+00:00,121.41
2023-06-21 07:40:00+00:00,112.74
2023-06-21 07:50:00+00:00,111.31
2023-06-21 08:00:00+00:00,144.76
2023-06-21 08:10:00+00:00,117.81
2023-06-21 08:20:00+00:00,110.97999999999999
2023-06-21 08:30:00+00:00,117.14
2023-06-21 08:40:00+00:00,140.15
2023-06-21 08:50:00+00:00,124.53
2023-06-21 09:00:00+00:00,134.13
2023-06-21 09:10:00+00:00,140.61
2023-06-21 09:20:00+00:00,120.87
2023-06-21 09:30:00+00:00,108.75
2023-06-21 09:40:00+00:00,110.9
2023-06-21 09:50:00+00:00,125.22
2023-06-21 10:00:00+00:00,108.14999999999999
2023-06-21 10:10:00+00:00,110.06
2023-06-21 10:20:00+00:00,116.14
2023-06-21 10:30:00+00:00,123.50999999999999
2023-06-21 10:40:00+00:00,107.18
2023-06-21 10:50:00+00:00,109.32
2023-06-21 11:00:00+00:00,110.42
2023-06-21 11:10:00+00:00,123.31
2023-06-21 11:20:00+00:00,112.94
2023-06-21 11:30:00+00:00,117.32
2023-06-21 11:40:00+00:00,114.53
2023-06-21 11:50:00+00:00,108.48
2023-06-21 12:00:00+00:00,107.77
2023-06-21 12:10:00+00:00,133.32
2023-06-21 12:20:00+00:00,106.56
2023-06-21 12:30:00+00:00,114.73
2023-06-21 12:40:00+00:00,109.75
2023-06-21 12:50:00+00:00,112.31
2023-06-21 13:00:00+00:00,117.49000000000001
2023-06-21 13:10:00+00:00,121.7
2023-06-21 13:20:00+00:00,125.05
2023-06-21 13:30:00+00:00,117.07
2023-06-21 13:40:00+00:00,143.43
2023-06-21 13:50:00+00:00,121.1
2023-06-21 14:00:00+00:00,123.96
2023-06-21 14:10:00+00:00,101.59
2023-06-21 14:20:00+00:00,103.96000000000001
2023-06-21 14:30:00+00:00,111.38
2023-06-21 14:40:00+00:00,111.3
2023-06-21 14:50:00+00:00,115.14
2023-06-21 15:00:00+00:00,117.91
2023-06-21 15:10:00+00:00,124.83
2023-06-21 15:20:00+00:00,127.03999999999999
2023-06-21 15:30:00+00:00,124.19
2023-06-21 15:40:00+00:00,144.51
2023-06-21 15:50:00+00:00,144.21
2023-06-21 16:00:00+00:00,152.78
2023-06-21 16:10:00+00:00,132.94
2023-06-21 16:20:00+00:00,141.6
2023-06-21 16:30:00+00:00,163.29
2023-06-21 16:40:00+00:00,163.16
2023-06-21 16:50:00+00:00,150.01999999999998
2023-06-21 17:00:00+00:00,169.25
2023-06-21 17:10:00+00:00,171.58
2023-06-21 17:20:00+00:00,164.15
2023-06-21 17:30:00+00:00,161.47
2023-06-21 17:40:00+00:00,150.26
2023-06-21 17:50:00+00:00,147.86
2023-06-21 18:00:00+00:00,148.67
2023-06-21 18:10:00+00:00,146.24
2023-06-21 18:20:00+00:00,151.5
2023-06-21 18:30:00+00:00,175.37
2023-06-21 18:40:00+00:00,157.46
2023-06-21 18:50:00+00:00,154.18
2023-06-21 19:00:00+00:00,150.38
2023-06-21 19:10:00+00:00,152.77
2023-06-21 19:20:00+00:00,153.91
2023-06-21 19:30:00+00:00,156.13
2023-06-21 19:40:00+00:00,151.8
2023-06-21 19:50:00+00:00,159.62
2023-06-21 20:00:00+00:00,142.79
2023-06-21 20:10:00+00:00,142.42000000000002
2023-06-21 20:20:00+00:00,145.94
2023-06-21 20:30:00+00:00,133.57
2023-06-21 20:40:00+00:00,137.98
2023-06-21 20:50:00+00:00,156.28
2023-06-21 21:00:00+00:00,145.71
2023-06-21 21:10:00+00:00,138.43
2023-06-21 21:20:00+00:00,145.78
2023-06-21 21:30:00+00:00,143.71
2023-06-21 21:40:00+00:00,132.39
2023-06-21 21:50:00+00:00,120.15
2023-06-21 22:00:00+00:00,123.31
2023-06-21 22:10:00+00:00,131.73
2023-06-21 22:20:00+00:00,127.8
2023-06-21 22:30:00+00:00,101.51
2023-06-21 22:40:00+00:00,97.27
2023-06-21 22:50:00+00:00,100.87
2023-06-21 23:00:00+00:00,99.5
2023-06-21 23:10:00+00:00,98.65
2023-06-21 23:20:00+00:00,96.59
2023-06-21 23:30:00+00:00,102.71000000000001
2023-06-21 23:40:00+00:00,97.19
2023-06-21 23:50:00+00:00,86.07
